V1,V2,V3,V4,V5,V6,V7,V8,V9,V10,V11,V12,V13,V14,V15,V16,V17,V18,V19,V20,V21,V22,V23,V24,V25,V26,V27,V28,V29,V30,y
-0.61926135167447705,0.016244089018006586,-0.62606831425781173,0.41268460932825146,0.49443737092738332,-0.44932691145721437,0.67600531741699055,-0.067714188707629686,-1.4747031482990465,1.0759177767633816,0.57060389975943093,-0.098647303768180969,1.2099852650800786,-1.0672363426017955,0.34329124815595363,-0.022554670582162085,-0.10206711870290894,0.14139619974847417,-0.54935768873617652,-0.20168027518758935,0.45660068926145442,0.80728017743192704,0.014735457767494903,-1.1160967876060213,-0.015876169576840262,1.1454908213773156,0.94175285579283452,1.4371530325975246,-0.92783303328863342,0.90809370195979711,0
1.0942727822882312,0.47257284550416484,-1.3371470365143161,-0.64058126171780627,0.28231989231498805,-0.60933211768275652,0.35472319404647096,-0.6268651462776107,-0.11572657020916591,-0.31270712172548032,0.41386676995929983,-1.8716997210630741,0.16407142320636506,0.77210604227867474,-0.86250855372576807,1.4620540901032026,-0.43697967111443942,-1.0405764270696036,-0.6027103074640815,-0.32056947574382766,0.2124757324770031,0.61291024179279729,-0.81898245317522778,2.9037142151482933,-0.15783099303508266,-2.1046935574495698,0.64084421832540184,0.012362354857776108,0.48111054577018009,-2.0492816910422147,1
-0.35670402028064307,0.30121333997757516,0.19056192089248108,0.23402676723665147,0.16980864854023306,1.2291426626391786,1.1628095039569908,0.880242415716326,0.76164309271050634,-1.1808041421053024,-0.48768528110669374,0.4565004783074551,0.64502447247869465,1.7527616656671146,0.49003474196822355,2.2715084967334915,-0.73408583285064799,0.97663126753273766,-0.35846388335485657,-0.080051607437377742,1.2452957324995775,1.0118766275868654,0.039279815975494958,1.0172750649200732,0.29705289131236429,0.40180292276061413,1.9246469497460723,0.31108274201084246,0.89830290112959477,-1.2089006098283055,1
-2.4690701225285756,2.8477144716842511,1.6602435150360106,1.5688129657802115,-0.83305695042095407,-0.56200877728766707,-0.61424551754030854,-1.7652983797224036,0.39023456930658768,1.7940061680004904,0.46447533520164053,0.5168103053710188,-1.0808010260698344,-0.29809401403072472,-0.58492558512539405,-1.3588628848367079,-0.65949296989451323,-1.1992441342509632,0.20162167333286787,0.50707911220028479,0.67274654675573808,-0.42514839729520709,-0.98728378388661597,-0.40127391966560033,-2.0661531065217038,-0.55248744598532884,-1.3790265657432281,0.095189391418108851,-0.38971055700928825,1.7796743649597178,0
0.56728851751223019,0.88888746580350075,-0.011586705487909675,0.5762752635438867,-0.8689453454369368,-0.31325709098217763,0.69029066497702862,-1.299611997300391,-0.967363985633521,-0.27323220225812,-0.52395952509367227,-0.82159176653432242,0.54605734626517222,-0.51510763682906058,-0.13621840655074874,-1.1112845927537931,-0.97840075553421724,-1.3778475773860253,-1.351670037569324,0.95926166053163198,0.49191549495978598,-1.3400219526556358,-0.13288456485492375,0.21970226714400476,0.78974654923771026,-0.14745204552438126,-0.80188950389271851,0.7755961214433994,1.1184595487606463,-1.1970731203958298,1
0.91292542682137445,0.77350085830832416,0.55836355176094499,-0.53509921856011189,0.3507093492194634,-0.57630208849210607,-0.38826724706970844,0.5551866321093919,0.35695622682564693,1.362964031744708,-0.78199305761343052,0.60533784342387065,-0.47216400398181446,1.2556097332968743,-1.1859365373396331,-2.6016796601443692,-0.34922892550970608,0.16210075121308945,-0.87035201004007523,-1.7484843767455311,-0.2026350573368503,1.7068848664390159,-1.5125004898722256,1.1769297987157088,1.6683019308390348,0.063197761460418098,0.29071512647105485,-0.73832847694939319,-0.40887681782884522,-1.0545310792808928,0
0.09567304854636316,0.14027228927088847,-0.76043921340875431,-0.049355405498668362,1.5740992366169835,-0.12409032590150015,-1.1106276254537852,1.7289545159623321,-1.2450751146714081,-0.44391645701583199,0.36040353684006593,-1.934644824275495,-0.57939744212430322,0.42501223831074642,-1.6025558428268574,0.37601661152488475,-0.14361635969431435,-0.31369197137755717,0.86895743107016488,-0.35049040457270653,0.2796103363677343,-1.4403005678988159,-0.22509944663996712,0.47183984854111677,-1.7311364993025395,1.0003187362525789,0.61124388141278319,0.34301516514081321,0.52683667808523682,-0.11198455192151263,0
1.9342066688055168,-0.71114983497566975,-0.27387146531035761,1.001138279330031,1.0439012051274652,0.8028892657273452,-0.60357694145031104,-0.51136380221872713,0.42946575506467993,0.51898565035204036,0.95508062443932584,0.59361080441746961,-0.5499844787762217,-0.11744166560351078,-1.1382528094735311,-0.43159934283034207,-1.6048775114928735,-1.1154099533764681,0.27109330981082297,0.72573874812519212,-0.22359248821511682,-0.16096838182179457,0.30174828458207853,-1.0010704177508789,-1.8543768700848389,1.9273891836187085,-0.12412177609549035,-2.0060483988734967,0.29409299030865244,-0.17805856492933031,0
0.28275700640293705,1.059405703393133,-0.039449659550538578,0.30277367306540326,-0.91617615347756565,0.69149343199367153,0.6087553252507294,0.30921594299018845,1.0308020434184753,-0.030863320058637154,0.12818637001007707,-1.6116689677538867,0.2016449012018541,-0.72120851031927746,-0.8603899994554699,0.20612204397910958,-0.011598566341757389,0.18980051152901084,0.65493038442370488,-0.98467005267370189,0.15490586635053497,1.5913310192731511,-1.265933444050835,-2.251378574214419,-0.51306411892720505,-0.99683357121641381,-0.45950970008756936,0.90450460981289615,-1.417842417477007,0.51418673290876227,1
0.80143491928494048,1.5367427403650462,-1.0123076278127827,-0.38480877704696997,-2.0319099750307799,0.22363139692209974,-1.1628846823598242,-0.52739791590522622,-0.72415080091676454,-0.043685045714838548,0.27686070938845309,-0.20969134957431126,-0.66394820328973803,0.17298511315371781,0.50392269632242404,-2.2148151181185232,0.050978677095983596,0.69617895599803981,1.7168226765999259,-0.44235802849140032,0.24866870067858035,-0.32262961789229022,-0.53846562929065289,-0.78000019827837819,1.3255619417714752,1.5931168371636495,0.71393486522675187,0.41088674233279265,0.95574856484198312,1.5930827832382963,1
0.27563955988787869,2.5643789082310708,-0.83084758569737283,-0.50942541689820631,-0.73108401423376101,0.068217072851750785,-0.49856735660074381,-0.91946955129881236,0.37216217834956838,0.13886541167581862,-0.62140236859256148,1.3526769618457037,-2.0747563925545207,1.4606776964997157,-0.84567879780401689,0.4201296613838969,-0.53090945441058857,2.3873503772507703,0.036965322858393636,-0.10134359773834757,-0.13801952847186791,0.29330090795635649,-1.2430904289188782,1.1379193965199892,0.91263366151920489,-0.74491781476709618,0.72117070110665793,-0.37239886805581407,-1.6099145878059609,-0.34353868266692622,1
0.13277490626003696,1.2404130432935254,1.3498759653250478,-0.29444407693407887,0.38016066890173983,-1.2134833030955139,0.32137321228226345,-0.34798832418047682,-0.18537707332301487,-1.2966826736004342,-1.4614619640061846,0.43180823947959607,1.2227840585917487,1.6336753256180632,1.2019499835274248,-0.31041597268329613,0.070954161036506744,-0.85048631177961753,-0.80961453709102305,0.14128029872353792,-1.4418322020690948,0.41186124132686225,-0.88949498937534466,-2.0789050891085306,0.040362522222445407,-0.85296460126224904,0.04825397275534115,-2.3715083723499375,0.4072263402821471,1.2726003008470819,1
-0.96521900137602634,-0.65471050739154057,1.3545443407008686,0.15987058507939217,1.8799633616646685,-1.2551640508980622,0.21649156369024494,-0.56841941626306325,1.9500404626985617,1.2388145706504927,-0.11715762146250881,0.44878240766736904,1.3578393951987298,0.9623533819226594,1.2337229757343018,0.87432260286649077,1.4153545275316088,-1.4704209550403369,0.6188278090294137,-0.38179838587293369,-0.48825987081775951,0.48439074494928885,-1.3523724670640529,-0.66339533106604931,0.84439585580010312,0.5268101596512762,-0.043313477715872802,-1.1673455360354681,-0.5472456554912265,0.17280868423670534,0
-1.137077301342994,-0.15300437103070802,0.040730759185400138,-0.9182695925031763,-1.537909775710548,-0.20758424877661835,0.17203896676410316,-3.059459877589163,-0.35729083894852087,-1.9319619919247153,-0.5984053799043646,0.17607982248848353,1.6602047677232974,-0.27612786274844664,0.4432281878990677,-2.4725988165822943,-0.36898527993438146,1.0557049773045755,0.19676033948736091,-1.2886743521807493,-1.7367337311605076,0.60342721945919253,1.4721113215395005,1.2798302415108596,-1.3479255543595741,2.5290595003676133,-0.41372813976197775,-0.47265968217536858,-0.99179000204188528,-0.55269843035939448,1
-1.4381184198146328,0.055053942684024498,-1.4283436883702874,0.31645939210230473,0.80388143445508287,0.90251290327913003,-0.87252657349632434,1.4981593280190009,-1.2472777533234729,1.5673841284516195,1.3156216834487828,0.47265811152357162,0.97776134516615287,-0.53534071019125906,0.31197403528657397,-2.9908604032997577,-2.8305728441049856,-0.081654765133979845,-0.3033108648335574,0.35200711789049233,0.79597987197067821,0.013036082554651466,1.3692262690077821,-0.61939230085860075,-0.62282793302583217,0.1757810663301628,1.1821019598721498,0.42499364496845077,-0.84550863424149314,1.2605694090469788,0
-0.22609440204942066,-1.2608035471897099,-1.435170244808722,1.158159652862143,0.092208924533646111,1.9167660369137254,0.2560799116879296,-0.94619749910737827,-0.57898593627244255,-1.4042510837908018,1.6849623044162392,-0.033128231297757209,-2.1987106636033351,-0.0082207745773052003,-1.8839088099276544,-0.3007296056756355,-0.40110126152872527,-0.76633071215322524,-0.75323632922639383,0.1011217300211165,1.2700426333328922,-0.85689455090702449,-1.0269523895425938,-1.7014731048668879,1.0498552665842427,-0.016240021901576581,2.4407622181438198,-3.186865155647256,-1.0492915183024247,-0.25197303608112509,0
1.4088316150031133,-0.61314962982653531,0.87435800210287484,0.5869738013705954,0.19924469965771499,-1.4610847623393277,0.29631274600079982,1.2791377366358743,-1.5297576499631877,1.4290991847272776,-1.5937986191823337,-0.23503606686864562,-0.081375556239437763,-1.3742591159904376,-0.27785168727157594,-0.13592749047813441,0.71365399035222077,-0.89165554016452742,-0.40351287169971739,-1.335389533934781,-0.36013802931569161,-0.40226857763084478,1.1075374678221657,-0.48740804200145449,-1.602899463843358,0.63700746095791805,0.87287131922824546,0.82934530140584306,1.3655747419422644,0.12153327331473227,0
-1.1014537857767475,1.0412046110442208,-1.2004947030487267,-0.037055596360903144,-0.95132805090631034,-0.41631463765346199,-0.46519030635330644,0.87701958157222137,-0.19572029909895458,-1.8541139339354984,-0.175445478807015,0.1959059162472353,-0.17487532681642992,-0.3513370758825573,-0.72426154300270507,0.84814027922525981,1.551341571058894,0.47422618242389158,0.46300239276014671,-0.18898981394984768,0.18153444305292493,-0.21709581780382053,0.66434033090494282,-1.5503035763064048,0.51355390034248671,-1.1664214694807242,-0.11463093999367349,0.97912697978703567,1.1150151969509454,-0.71225446678969995,1
-0.37683202578654518,-2.2009128527135506,-0.48951656535024735,-1.7098690308059965,1.9222089007512146,-0.66512971926767062,0.25716361182246777,0.89046118077821834,-0.73918097026679097,0.56677410848369136,1.2523131225758157,0.38909779889488466,-0.1450367627130266,0.46948691910909512,-1.510893613421791,1.6962483460544402,-0.85270524938593173,0.91927137207982457,0.041098413802226411,0.46838384560418406,0.543598561117562,-1.2145464313596313,-0.88638401378965481,0.35265986027121787,-2.1555430729377565,3.2518073310034104,0.42496439398833641,-0.25370980336175913,1.8911710511141286,-0.84945845521692198,0
0.5566490640952968,-1.3995366511241027,-0.92474344322822744,3.6136768506069594,-0.91125752975706109,0.5575201997056618,1.6413337076726797,-1.4251309654728457,0.2576221876545261,-0.025627933285644951,-0.8161456026262861,-0.95444754129158449,-2.5825331138274281,0.47282252520602891,-0.27147077201476383,-0.9465069551271782,0.86844072916255854,-0.038312702809368229,-0.82592462365148434,0.1657550930542237,-0.10784824694642897,0.89218921327599676,0.5524582690411457,-0.7120481677280196,0.62689694690651077,0.49858800288159277,0.91191683284929559,-0.72261030909493296,-0.044663862108583516,0.72634672810270107,0
-1.5700620518453821,-0.45595657994426664,-0.12040521149234683,-1.7392438535101116,-1.9273511687705274,-1.0781097219306885,1.1385143692401505,-0.13080841210248056,-1.2189653564138652,-0.88714225976748251,0.31440620271511116,1.2135292137530309,-1.5109890091707094,-0.071958221784579987,0.41376335546623921,0.10064630855829665,-0.52869301196211882,1.0832895822575879,0.41439109086862441,0.48962319320400494,1.8275758063558596,1.0578917212709542,0.056518236048849632,-0.67892924733954751,-1.1860888210439615,1.6913268936773653,0.35155715660468079,-1.3533898648225597,-0.12599406638050994,-0.92247162958176065,1
0.62960874976296677,-1.0899752573222996,-0.26123785751150469,1.0645103713195159,0.20921436876397281,0.14067507485938413,-0.89294400763272419,-0.11961056754997382,1.1071979540725698,0.27994608802671161,-1.4885298294518352,0.040934173428491968,-0.63505673960027964,-0.38866761639398012,1.1335507283432511,1.8918168596645859,1.360852967920007,0.41151182183130769,-1.6115184470386426,1.2744788024600791,-0.011544228093717454,0.66107524165292464,0.12084834430569028,2.2936133634475699,-2.342110395050109,2.0412933542585003,-1.1538842065271526,0.43245046139823129,-0.50891554631182567,0.21001394859764599,0
0.51780842957515283,1.4112652049631356,-0.70927145205353459,-0.62520410680826377,-1.7411256575573897,-0.46094099163222435,0.5433864959110446,-0.45649783794268517,-0.031509626401300131,-0.0033793804483594693,-0.27715779266481483,0.64333079216054612,0.95078907130008539,-0.58670894249355376,1.5370949234382767,-1.3284052234933834,-0.74323047025642852,1.5968517706061294,-1.1140843209912212,-0.47717680045857996,1.2733012717725354,0.96135184823584863,0.388911257121967,1.7035655326140902,3.0904526453590795,0.10481545860156274,-2.3758096201059473,1.7332189892925383,-2.0600288457054883,-0.13687215125276847,1
-2.004792680689278,-1.1698675535937435,-0.9959489756324561,-0.20065018799025863,0.30583060582551141,-0.61464360164411347,-1.5219380997854404,-0.1999719179163775,-0.96922759412743809,0.13759018539989071,-1.5464753729966525,-0.41615083196586089,-0.65085119880782072,-0.30473040838544613,0.27086595901436678,0.75795139138495859,0.55771455900438027,-0.47137855114831256,0.85440814925608299,-0.28040163723846173,0.36040136502972664,1.462689480671481,0.84207214128775532,-1.548345217842569,1.0204384970551106,-0.84320781288716429,0.59752914115269906,-0.19132559383707484,1.4281970439957807,0.47616534954691475,1
1.0058772519173442,0.29107192918773872,-1.5974081669650053,-0.18112165081206091,-2.0381663551349463,0.29204541841626946,0.25160459030654719,-0.75022468552320321,-0.29466495153381039,0.45630142900395371,0.53373347792342529,0.28447852204336571,-1.0040684992103974,0.48868347533803413,0.13292635865356875,0.010748174344201252,0.5634832587851285,0.46107319272869762,-1.2220213154156891,0.91563743229955907,-0.19115646847234838,0.72912257852599205,0.34657933342456143,-0.49217635057262388,0.59610681578928459,0.82732345858249245,-1.6909060232944426,1.2693094939165113,-0.93529630648528916,0.39376468444309976,1
1.4359472149955184,1.570850676628919,-0.9598101893520592,0.21287798958595128,-0.14514759529710267,-0.54298823769017046,-1.2438365855763132,-0.68201351213110684,-0.16355258498202171,0.87093659491775444,0.26469221583779018,1.1889519929590837,0.066550929237294554,0.14676112293715735,0.84784073996921894,0.47856306414463434,-2.0348867205952956,0.53531292811236808,-1.5363711629212391,-1.6711518233536458,0.06051549626614211,0.63401872326638442,0.38960653315165578,-0.4967114804479254,-0.28726357376093736,1.4569315883446605,0.83547048583828376,0.10740899428582909,-0.49309090632434854,0.72822048717375143,1
0.2373972064063409,0.81008757888569849,-0.75459054347677201,1.1792452346530653,-1.39959357903371,-0.12893621548438389,-0.5262310314839227,-0.41155813939285224,0.30202751290590391,1.0205103221187428,1.3178470570315171,-0.27581799722317368,-1.1046222197814553,-0.074293064402410194,0.040693435191829094,-0.61737193153537706,-0.29110556594775039,-0.34026827976487833,0.79596216872245029,-0.40713626104736877,0.10910113045540785,-0.84218255533803021,1.2629146139922587,-1.0573570207692529,0.33137968103156867,1.0677727343938834,1.0184974506210054,-0.10242396238352773,1.7128881613810012,-1.409507086313728,0
-0.32334272603599457,-1.3401017481977879,-0.65324483219315266,-0.61447084406541774,0.34173936177043418,-0.59547870090997346,0.078439191688427959,1.134063741153867,0.64973052128871089,0.21698787716688672,-0.69521391445213276,-0.63901412181939654,0.87613072317461271,-0.13779973208650395,-0.043710550865019071,-1.7336003933311277,0.086770358587888938,-1.2429612016907574,-0.239280089021529,-0.15972575320000218,0.70346528888056226,-1.0725119751428625,0.66068032104750285,-0.86081809755782424,-0.47454842582753748,-0.36659908182862533,1.5551321743446023,0.34974600278328866,1.1181030585950591,1.6477354031117322,0
0.031502026734569706,-0.078939804151140686,-0.126376826620614,0.94234266540744627,-0.32490100336062205,0.014382865386293539,-0.98802141519129372,-0.27593635721244364,0.63476275679604011,0.48714389002625147,1.7020960003595278,-0.23661459574226315,-0.19496365599303217,-1.8000917219805486,0.54719624465175887,-0.3425760632010269,0.85781723535896848,0.69412689995413113,0.96262316111318058,0.0036057439800469371,0.36112200650288034,0.85662047075050218,-2.0715728536886759,-1.1740966907090804,-0.26315840143988417,-0.54852067238914304,-0.47787643717870082,-0.38443132693220983,0.51553615384233231,-0.84649149430075887,0
0.90866584396911143,1.2561649505879133,-0.010979390168013572,-0.8437410548821257,0.070353403186687508,0.27921021464520407,1.0195818658912401,-0.43318322612598364,-0.25399361984736413,-0.42063041733939494,0.45211113796661689,-0.38950387788440044,-0.42758536710313355,0.56814612863078184,-0.60771499355629677,0.13458728085463287,-0.59455144419006078,-1.0538031267061407,-2.0435539311434301,-0.0030784219356645276,-0.12675319891531256,-0.93959880537643092,-0.92417870974044747,-2.9949727597026832,1.1174881280123043,-0.94960431715136329,0.37452937433472749,0.088273591266029683,0.40429801853289021,-1.1194290694183613,1
0.81560383202554376,-0.60913562332872206,-0.3591769795972295,0.11959285951678218,0.44372172616735661,-1.1951426518809298,1.6565658713071285,0.49126070204437144,-0.54963094566918513,-0.23773792773806593,1.3989603319116721,-0.47763037174506723,-0.54129600503617092,0.018631097918808258,0.22140010888049272,2.2708230761732295,-0.8194782406001182,-2.336704577609201,-0.32609049178043581,-0.76598692852417438,-1.4719084141422492,-0.012330207189841005,1.3839440689230136,0.67958323172183865,-0.0023437288291955961,0.48831809308021523,0.40620573497933971,0.371563311294626,0.4277918327163942,0.2794537270352227,1
1.0814561119204775,-2.0797334989814749,-1.5974392328908187,0.014286210148535651,-0.061376643152853759,0.27674286030930695,0.8110414203902313,-0.78625272226369114,0.5983904078049167,-3.3457056748162586,-1.5885969789702123,-1.4641903943731474,0.40269348604408739,0.18496422095183829,1.1065051500767287,-0.068649666377992413,-0.39445111583672837,-0.76578901918004838,0.21864911712471283,0.24866442875135633,0.21258260743683982,0.82334362393007909,0.55611051312124293,0.56888917499226721,-0.20097777757394431,0.71467395677174428,0.10806028395717879,-1.1895081815275292,-0.23976748922018606,1.3855243653527127,1
-0.58095428625333867,0.26421378497244946,1.2991071816289199,-1.5629488955163233,0.048569382656138353,-0.62263741865483713,-0.95410147209586293,-0.54989516803197092,0.4241343447006567,-1.4976735763362303,-0.40206749116501739,0.20338497774739273,-0.56547282077249195,-1.1697693508196989,-0.22444874385538846,-1.495373604571067,0.43454317724136299,0.20682814319276208,-0.46177946867791553,-1.6646994930206485,0.19569749828294361,-0.21318547599229182,-0.013815357520752443,-0.56090943033261165,-0.60632427586172555,0.81499098698215189,0.27628627291951047,-1.3006709498966806,-0.58223882347244615,-0.94139220969449222,1
-0.43714932709872067,-0.1791960756549352,0.30472893350761804,-0.9499087848765746,-0.65620411091427777,0.39891156042019876,0.10061743468344581,-0.41148580822720915,-0.14415551054140785,-0.63026750715995739,0.10905264642324299,0.015426587520797968,0.42173255974423818,0.71492378401483569,-2.6131310155524252,-0.69762603331777218,-1.2460835088049789,2.0464185383558751,1.8746045466049033,0.97860430858046044,0.083332409021803056,0.52094136734980379,0.24836920864676615,2.1420691300559813,-0.045306677518588426,-1.9387850739897325,0.34874239660155898,2.3661980950796124,0.78577070159718476,-0.27031532931362146,0
-0.28582935699350276,0.086465401989731683,-0.45090750875540814,-0.49176493940685451,-0.70340580659496821,-1.0963520113570262,0.44131115957948264,-0.92017862239635084,0.7097748361130467,1.3168980040713656,0.43549023425658734,-0.77260071960342702,-1.3190958820713288,-1.2281569668165602,0.6197498739601105,-2.1656655719136055,-0.19136052321805952,1.1387809451847111,0.27465291611161263,0.42960242148280292,-0.037578110891366069,0.97797020692780889,1.2048261858179206,-0.60668350664818116,1.1961509157627341,-0.35064427836854867,-0.85392481030742617,-0.1609256951937269,0.43418136916160122,0.62064717414133874,1
0.22325018228773022,0.19693766084958339,3.0445815569741455,1.675352204141308,-1.1678352291450451,-1.5344050111637286,0.14853668755379171,-0.0029723523085437562,-1.087975415132036,-1.374172226925704,1.0471072626421769,1.6056764423506749,-0.17076463561361785,-1.0815649903230076,-0.68857852288268606,0.50460914201769014,0.15358671362899284,-1.526616448617965,-0.57290676607568292,0.19644349462399724,-0.1135300794270903,-0.62576748285893136,-1.662931631705346,-0.56588887103920371,0.88511504565685095,0.81059904736428035,1.3424159977759815,-0.39309509305161044,-0.14811348176951714,-1.1900757537466122,0
0.086688119356634299,0.30091732999921977,-1.9216933015644471,0.73497410700967758,0.43288836904183353,0.73778678915369289,-0.53706828105786208,-0.61640142955544974,-0.49040898151618129,-0.89891810202082845,0.21161112023124648,-0.14843934067086839,-0.33116776483342808,0.62093122790899324,-0.31608680374279208,0.53185527385392561,0.6831229151558561,2.4833449321926508,0.79948853346431703,1.1983335947744118,-2.0698955860203379,-0.85635758426894126,-0.023057665199940455,-2.5412197199280184,-1.3057383420596811,-0.22540917075058658,-1.3626381913906975,-0.70641066093331506,1.8697446137649181,-0.37647460591135362,0
1.7828923463105433,1.5240939853338245,0.444167566660851,-1.5547876402085543,-1.6230002244165556,-1.2252366588324579,-0.61718021661015277,0.40538344560079326,-0.62741390741046443,0.11906049500437074,-1.1944079948468234,0.55884346308193833,-1.2529637054961298,-0.987287604277998,-0.43870715199545679,-0.84005388594399177,0.33751664141911569,-0.84059628258088082,0.9533990785378853,-0.19347253122827565,1.2928132787037849,1.1215032509871252,-0.22402418959161377,-0.87787353697793202,0.39651913930596466,-2.6321210217558639,0.13686284550910388,-0.72233561633943366,-0.6017686176718744,-1.1556803116150638,1
0.3616758393090308,-0.24068325176365943,1.0543890587735949,-0.19269012106687919,-0.076264916297391017,-0.91570600064823515,-1.1295227225718856,-1.0100341964154433,0.28389716125400039,0.10510570779486762,0.013121345721840177,-2.6529364469652998,1.3258817128344467,-0.23138694203912358,-1.4302969893095308,-0.491778758995154,0.36388925752743606,-0.21160607279594923,0.32240727395409513,-0.7994464835089079,0.47358245882382755,0.1902221996761678,0.29613275193555061,1.5850118463571801,-0.92375523337295018,-0.2910653757948955,-0.31192385665263389,0.44793301732615176,-1.1135124930914813,0.37333369784411996,1
-0.0073562232354852661,-1.1408358620712815,-0.77118516393313652,1.9309252980710565,-0.3063514133018469,0.55408761213938063,0.88804261863491907,1.0073419035229692,-1.5228406326412631,0.97643676121845102,0.78908381862057853,1.0234635394825708,-0.91912344042377303,0.11193720972169521,-0.77678820699446749,-0.26396179230287747,0.065025991854950366,-2.2521468474929027,0.40357400450956099,1.6086678183756504,-1.986427151750108,0.82454783883459259,-0.6388485900267209,0.4402711526826884,1.2678158717590911,0.30811083716200133,0.17469816399136401,0.09655928052291482,-0.15054174403000659,0.40013156717286891,0
-0.50023528692473318,0.68289620626881009,1.580267193403355,1.0665209824259527,0.12887031671714183,0.060300669130901659,-0.037038970952636502,-1.3881032602231493,-0.14752252167102867,0.78488320057510053,-0.090213160889057994,0.40636801546358214,0.00096532605657970942,-0.60934314096954134,1.2788187237456845,0.70883420444324163,-0.39419198773758973,-0.39935568482904593,-1.4766160537679935,0.75729300686427425,0.14241345578934422,-0.60882361690447662,-1.559374330938712,-0.99908361230142761,0.49946525518888701,-0.44993841319159295,0.070967164777001407,-1.1500993676013871,1.953547059245192,-1.0212562874539242,0
-0.34692777531675079,-0.39494560271308082,-0.3731588332030002,0.13280922572253634,1.5711690318864815,-1.7327435248385776,-0.62188591268647053,-0.93983944273252884,-1.156286237861393,-1.1382458488374332,-0.88269694967270895,0.35919978636339533,-0.94687506942349886,0.010617451473789376,-0.33068232268784892,0.25929045781429483,0.42927807459289996,0.0013616067128406329,0.14088132652297261,1.7593823199657712,-0.76462808618115885,-1.3879163319022356,1.8998993457759663,-0.35068582956230843,-0.7509407610566049,1.3155482912712033,-0.41588943788751354,0.1244708102236206,-0.61430111113791053,-0.66641658099176393,1
1.400383618750942,-1.1773671147587521,-1.620158666041553,0.51501714258233877,-1.3070775195502844,-0.51885319491294191,0.77193728022748953,0.26182405099933631,0.45210496306333281,-0.087860985690284055,-1.3468696050753013,0.33511187381326624,0.47471674128746028,-0.81616076321289044,-0.17065195319213772,-0.77943465298458847,-1.8774886638069019,-0.45990110048253952,0.22861771998659289,-0.22491728321020599,-2.5365548448191366,0.17516780927053399,-1.1604348585649757,0.10754309040094275,-0.920324923446735,0.57648163669151942,-1.6191412923397732,-0.97090110590718826,0.19572919047327594,0.17692383811899007,0
-1.7176892675549722,-0.29980640798260594,1.5726659218695644,-0.66891949334744683,-1.0371276677235077,-0.69773769207921688,-0.54549226262128869,-1.0767806868776282,1.7889165600933827,0.81621806229065674,-1.2228106805681118,0.63627999485587472,0.012673279755745529,0.23447054274366885,-0.94410802915830216,-0.21913488033226797,-1.7382302717085485,-0.75115633588484565,-0.098017399256864979,0.18289158435853278,-1.9883552482403586,0.33462940848786232,0.41518802818124467,0.89912275979146383,-0.47294112051862464,0.94715899974334916,-0.12317288069668718,0.078529548947377528,0.58227752999463345,-0.10512184466823636,1
-0.23793108628644519,-1.2470813163034298,0.7693028506758689,-1.7050925814249553,-0.51737191960769857,-0.67510663305849106,-0.48507715650711913,-1.900482345187305,-0.70818038898323266,-0.18961052236435663,0.53156714273318606,-0.15169059308997745,0.061292490178925726,-1.2833393655674519,-0.40449959044261735,0.6106719264482271,-0.14246467273875377,-1.6788279760210334,0.78951324725171113,-1.1023645071325987,-0.2919435214856454,-0.06727261327007239,-1.1060230032105356,-0.0062058726354386577,0.21571251121532178,-0.5200691521407238,1.079602809684798,0.61349496057009256,1.1271324965000407,-1.0921137146160702,1
0.49745518031210906,-0.069147276392321863,-1.7145958307928642,-0.14330404696068724,-0.53572081855827436,-0.27916349961513404,0.16868569021150009,-1.6136678221094587,-0.70031964811718972,-0.25639453706030663,0.02490913757485945,0.2924039251456434,-1.5789390745528176,0.7171187945521551,-1.5669761283547727,-0.038961007188532092,0.70614772627729006,-1.1692330098565638,-0.63603155630137365,0.94681050137960754,0.74548744775588471,-0.39105433762399339,1.0413776349212867,-1.311965632485135,0.73867772524822362,0.16367689445313124,0.3641760406479792,-0.52518222488643029,-0.78791469590115448,-0.92073099899221955,1
-0.17841142624605449,-1.6916915662162904,0.23085980453552202,-0.040046789139457459,-0.28503718298930864,-1.0006333986552576,0.40752458796861385,0.28332307110759503,0.35941601605994761,-0.10151026125719456,0.38579227999118126,1.0015818846154816,0.23919720753201085,1.0131189537885654,-1.134266663441045,0.43738435682819582,-0.31775076338514996,0.2204391608654333,0.80134020721425092,0.5557431328934207,-0.36748537079465377,1.3674902237390674,-0.018227242326583827,-0.30462994571038288,-1.5836979232950927,-0.28688794026678727,1.1023059641943582,2.783540789970032,-0.83441195340690144,-1.5750788323394052,1
0.32691227023496039,0.0308116538969565,-0.65573038440242182,-1.5630129890320223,-2.6747737981377391,-0.29418956080214298,-0.33465590385484673,-0.19317456335740657,-0.19721157525775118,0.39644523828284584,-0.25778380378311755,0.38940574841685921,0.71213616999469298,1.5850480850857884,-0.036992344453178588,-0.0041729774985655773,0.52896953926949519,0.055951060194793685,0.7246493241856844,-0.64907812161022138,0.22814879719629869,-0.4264810568051931,0.10983860429555388,-0.34180011256663606,-0.27997051059929967,-1.6513490303096272,0.38428813596896011,-1.6205998140050755,-1.4252310571158406,-0.38960701142967546,1
-2.3381485149800221,-0.052484581782182141,0.55374700033839686,0.015992748807696053,1.6044750742889351,-0.59621455320695127,0.34736847312538971,-1.1686241478518666,-1.2613816410584395,0.062352872282016372,1.3465343314755567,-2.113603373422503,-0.090894180834575483,-1.6221449339883993,-0.0034345080573203869,1.5739138907203329,0.14838891376023269,-0.54387977827548262,-2.2559681996869463,0.84774612574723629,1.3203703040310113,1.1494577470721461,-0.43651722672601129,-0.36409557140250387,-1.1541802547567894,0.52789873218717642,0.34942316854909267,-1.0038524390516304,1.0292434601565101,-0.70716728104042104,0
1.1763998533051809,-0.32933432655091438,-0.59256122940330525,0.95803280634144072,-0.42762317138981804,-2.4147867885239522,-1.1794378846037257,0.54242499853532933,-0.87872328536310085,0.26344877852492082,-0.9090862534565618,-2.293495201535551,-1.5393839474164108,-1.1751547330654741,-0.87365409502413827,-0.66686855180851801,-1.8509902860997554,-1.0170484564823161,0.45284952392496103,-0.78380635184720948,0.77604317358028641,-0.62281434024978222,-0.35688884971380519,-0.89568147029013578,1.9008195779282331,0.07763604079081754,-1.8518848758690161,1.4065778003968572,-1.3261432309782637,-0.64814193136744602,1
-1.4385316738864828,1.0551877421811955,1.3275922469742418,-1.2176392794880588,0.73398146282140542,0.30355339699896822,0.33266747411112896,-0.62490976757029859,2.1640157891730194,-1.1239204298280381,-0.32827564038854828,0.60003791187113176,0.88750365292916922,0.93082255206647579,-1.2950495602882923,-0.070968124891733625,-0.32079864149400805,-1.7538934856021653,-1.3041170394115311,-1.1671399802855214,-0.31507425892225965,-0.27057751101113431,0.40451210279304323,-0.33488955300150586,0.24991172812882587,-0.21507538041355334,-0.62231932607529095,-0.37476807771904214,-0.39425315784781906,-1.0072344162532607,1
-0.52214020244516912,0.28664331305283003,-2.1680660232730999,0.32205748165156783,-0.55050498999515607,-1.0051273427209169,0.3874706356948161,-1.643933594499978,2.1637370484334673,-0.83852016550466912,-0.46874776954610237,-0.84486464358906677,0.558558655950534,2.0516182158771854,1.9482403402989927,-0.69454612889184553,-1.9427135194797702,-1.0664064189373119,0.6014433929446289,1.0944416967599822,0.10897592792948824,1.0369110469734193,0.3828520893635432,-1.5565369549465986,-2.018561122914158,0.038488494862458277,1.2771582665844996,0.6532443110652133,0.38213499452397548,0.26499269713044787,1
-1.0256852809401191,0.97946557885202579,-0.78836100285217126,-1.697916353000857,-0.35798483715927915,-0.87112767726022411,-1.2526389746474436,-0.85130641033504084,-1.1963073916046838,0.86702296341382989,1.3409309954205304,0.41353609049365447,1.272812320995353,-1.7332734764530435,0.078620756848080828,-1.1709472446264597,1.2944178750537156,0.24836969004776321,-1.2914946306012851,-2.8336031355969378,-0.83291744176201443,1.0179144086518683,-0.96706862615640254,-1.4414765767515318,0.65565696847292121,0.49316685054811715,-0.88806639952396971,0.11737381992394573,1.1593919853072863,-0.95347510385510226,1
-1.1232405136370283,-1.2308350785451818,0.20184657775383569,-2.4707090198299437,0.4908441862289597,-1.1242852163900872,1.3787910442375695,-1.3336822029180275,-0.3113640702888999,1.2245896810852217,-1.0508369996339189,-1.2590294976683734,0.31709500030508914,-1.802146587706315,1.6691889661185793,-0.85086944795946762,-0.92375407763875794,-0.44705880928147823,-0.012535084201092322,0.81067287092865292,-0.12379554655208085,1.3276560011813923,-1.1933120478713679,-1.2253157321813102,-0.37604829803601175,-2.1462394081135718,-2.3370632224131382,-1.1738742066579875,0.64650078373128461,1.4135084489193848,1
-1.5014741251906476,1.4470312603467996,0.52212002712512573,-0.099608195909275651,0.99211375494640075,0.47479300437584837,-0.99303933976082459,-1.4112875563917153,0.081254168500779753,-0.37832487482866101,-0.74947183822598495,1.579305545827151,-1.4173761139752892,-0.61759512754636703,-1.2577469512111397,0.89778795150941126,1.1690634877037875,0.82105819787775836,-1.0649882164069433,0.28201682228799352,0.30303246236813997,-0.19091944499480881,0.7496397882985727,-1.56911875515935,-0.37586811737338455,0.046195429676341236,0.024971097047258719,0.37183372601473585,-0.37034374405342951,1.8913974407327807,1
-2.404956402651123,-0.98896373773102841,1.644916677850419,-1.4150962770482778,0.039557013941288119,2.6261893959720357,0.91008643791339483,0.6772425743128091,0.33774404119818408,-1.7355438445199618,-1.5170628713937095,0.36711972896916834,0.25754353918079437,-0.83088429095744953,0.9420448324373607,0.37901648394106829,0.11949888329646696,-1.6459011681093798,0.16482688264908932,1.8089819556044522,0.85932228404943878,0.48654349634668337,1.0838032370915223,-0.56216650326344764,-0.9902840220998117,1.4318837398609037,-0.91711739419333271,-0.43957607250034808,-0.25343202576656676,-0.25270932094685555,0
1.1294407879591462,0.0095461679000225473,0.58016799714473699,1.6709499108483419,2.6391999970523297,0.58451186255598875,-0.050213564193873746,0.066191993665687052,0.47318823177589714,0.31073357834535342,0.71439354988900916,-0.11196645766731361,0.82413286461108848,0.92818294539500978,1.2861995252863769,1.3283735141638104,-0.10654126688063102,0.65303043562933361,-1.8470640446755666,-0.77129435346066821,-0.080070677952002733,0.21995959878082516,-0.12686198198091841,-0.51513622023349381,0.049911967210503665,1.6803216771541838,2.1413497678813691,1.0441523290148182,-0.34821401675468006,0.25188135619191732,0
-0.49982669387271556,0.52905271122135511,0.82145674159319515,-0.58655633783098093,1.3159706530136002,-1.3057978493298097,-1.6747935974763986,-0.62716703344922509,-1.4197499975615939,-0.29354459263106469,0.45897732035240429,-0.94124580866232188,0.72292808632114725,0.88393626379774015,1.3673459191113979,-1.1072610999682062,0.8801687222080754,-0.035577104259222933,1.9443898457978335,-0.28685017065007445,0.72475051639958166,0.35748093287922167,0.29857748659086408,-0.018838191285538129,0.35017323640775949,-1.8470811480051803,-1.2992301955922201,-1.3406867764982884,-0.53420535613266151,1.0671959864355234,1
-1.4755825799428239,-0.12888262072460627,-0.64550849181457215,-1.3363488848271179,0.0093790624407759666,-0.31365773355173054,-1.7401190252744929,-2.3982912347347551,-0.82260611787303461,0.24405239576497981,0.31350797846338385,-0.72921969129779385,-1.0920567539660027,-2.7354104946096065,0.5830991884540081,0.83538066924283771,-0.81680086096892957,0.71623649854815652,-1.6265727472908924,-0.98664329880798862,-1.0736383229447466,0.12129492052389033,-0.78090579363422852,-0.90747578628530434,1.991377065022337,1.0294531152790305,0.95027121957099603,-1.0268469264886715,-0.98143631789034036,-0.3657613160059966,1
0.87591406671792926,0.20166962629219382,0.3656804210090171,0.28759364987208214,-0.0094244639136193704,0.13412166572900847,-0.42681706945910713,-0.52272687208828006,-0.58362649790663146,1.35090464060842,-0.72013810482107143,1.0401532749211055,-0.26526351479644694,0.80461377864134231,-1.4348658854398204,-0.2447649809417832,0.44704579078903928,1.152279296965032,-1.0051958128935152,-0.44874611398055286,0.15426355972461983,2.0141177268324046,-0.39779670533426675,0.80300044749317612,0.64636224201341719,-0.11078969259914792,-0.86310847512048172,-1.4320797756564958,-0.81021233639740375,-0.35562049711700822,0
-2.4377010922930133,0.62571714517422972,-0.37982773920066792,0.32108961364345739,0.31447808257167309,0.40612960550844585,-0.23652628394427139,-0.32093706142307921,0.23961371589641486,1.5129818429220987,-0.37171150603766684,0.23344833074654472,-0.52831373019735228,-0.52231392721459591,-0.21389786685821474,-0.76749653982700927,-0.54507174700047922,0.16620385977335225,0.46530802747732669,-0.32550710675766648,0.83221806120447583,-0.41296394290933341,0.60082461195699277,-0.87533334645269101,-0.25974659807024447,0.7878214756719969,-0.99319485911209449,0.58380915353579244,1.036932699031673,-0.41072667348169117,0
1.2610087984730121,0.22286332823451033,0.77610978944942766,-1.724055344582033,0.023982678898572168,1.3080305197435189,1.0425286109109115,0.30237292771929097,0.42244096001773435,-0.012775821086833583,-0.62864830647071068,-0.6662959757379715,0.86461434984824459,1.0180579590456043,0.32961178527601764,-1.7183062436355734,0.19722650128666919,0.49177253249073338,0.10933844592998319,-0.68099971752408994,1.1124904717411364,-0.60690799885347568,0.17097620688948933,1.3117278177739871,0.88571493742941698,-0.62374038165191403,-0.022162806055724956,1.1962415139218783,1.8280716018580998,0.70902715565707686,1
0.044244123312941031,0.47006027890675639,-0.58003809783601157,1.1536867419184038,2.0968841905031446,0.49184760744928235,-0.47396777731602568,-1.6279761913484849,-0.76417811661662927,-0.33873123698021279,-1.972635752769762,0.38492055856149515,-0.94335877950687996,0.31301406019347083,0.16454550867455769,1.0599856417310527,-0.33205735414145238,0.74223154778232525,0.62823822073096036,1.1225040406300795,0.15768360830676389,-1.5697809876070177,-0.9650413027107454,0.31346777719107638,0.90909780877413748,-0.95142112154910552,-1.9283890570599871,-0.71169375355777964,-2.5227653227802431,-0.63409454731753234,1
-0.56406744715677559,0.44265248710418875,1.1848753371368141,-0.86870186471455035,0.021045228419111394,-0.75201136210555053,-0.055289402459437399,0.24178274654519744,-1.1580944648574705,1.1805385732355536,1.0449791488748352,-1.3042897551730352,-0.50157421659036505,-2.4329918968179896,0.2990647041453976,1.2784617285055333,0.61685268689425221,0.77515355030501965,-0.093156457738792026,0.12857664991526552,-0.83977262059316915,-0.84167058272165707,0.32148980363732166,0.51539513599332398,-0.35487170678081104,-1.0004526110661076,1.3328258054461279,-0.045180748187444192,1.0788115674888394,-0.79408464081903707,0
0.71162110747221574,-0.85587870455898152,-0.77537007101274447,0.082034329727644364,-1.9519855010707203,-0.63964850134348172,1.1066442358170006,-1.9428122394215144,1.1584456307279132,-0.3874078789148056,0.84644948997353253,-1.3113851593455534,-1.2225053024674706,-0.96422123344798938,-0.45632923958676758,0.23953087257419015,-0.79911858332710761,-0.39769587876269541,-0.46101707761972471,0.13320369797114331,0.54332027678560091,1.5433360289384408,-0.32747274896446121,0.31185547124240171,-0.81900070683581527,0.50476762346303372,0.99594851468731216,-0.19173632785873618,-0.29364967528490421,-1.2117528452287918,1
0.18307201637380599,1.4015007935706369,-1.5816257979503063,-0.69452224488820813,-2.2157674114628372,-2.1036193558763845,-0.81562148739879814,-0.24731393336784746,0.71617012906519195,0.172267693898284,-1.0923427996855106,-0.57335819097451246,-0.49562416554102645,0.06899423597580151,-1.6039901516891271,1.2476428298954425,-0.27733347897277777,-1.7115525679194237,1.0764836111832889,1.4873087363392845,-2.2182660416414053,-2.0661575537425936,0.70255114034850463,0.14213571073950496,-2.5249295338843054,-1.1249681751327891,-0.57467422336464702,-0.18908498602236556,0.04788056411869826,0.36088625355124221,1
-0.92255179717146263,0.52039538710718281,-0.68941800685976073,-1.5697053724547729,1.0468036428466589,0.7603197955774772,0.9871324008066551,0.06175649891237895,-0.570435455296324,1.0149103312930434,1.0297348448868078,-0.85178178481618405,1.0065271172237105,-0.41064000972052933,-0.80346875968920672,0.83405252263950047,-0.75325564755831087,-1.5604210305176487,0.51964155317016736,0.14750867817380675,-0.36475680359573848,1.8583341932277821,-0.50710058165870442,0.29171549029504545,0.96399519667489919,0.60107511757788279,-0.15224843495221704,-0.19536914762819824,0.073274573544992325,3.0809159206853671,1
-0.92766445040191448,-0.79878771959212136,-0.56484562175016306,2.2638399790197168,1.2630735857475128,0.91424296765424673,-0.067573071428526477,-0.52985905140599021,0.88774370659698976,0.44323916140943015,0.0047731325531004459,-0.75377211821681367,-0.30698313525790555,-0.69117675450495186,-0.17870183286249319,0.47513871090205229,1.1542100701370022,0.48633120706845168,0.38081470797137601,1.3275228768458474,0.21351772990420634,-1.7100836229042047,0.55596446779316588,1.6735791259538693,0.65262331966718157,-1.2789368083831849,1.1235274940078432,0.23164354627871223,1.006064240351545,-1.6495775163316257,0
-1.2913094089477988,-0.63539857865862259,1.0684004949866668,1.8041301919442303,-0.61672262903640307,0.23507629361830087,-0.43745684618589348,0.68131248443999604,2.0162049338439441,0.82208941149875003,2.0216119768683556,-1.6948096010940623,-0.05198620399603094,-1.5854898206071832,-1.906106850180922,1.8129554987961332,0.45840265702370014,1.2105480192403644,0.75136003011447994,0.97627247297103359,-1.2709192780046246,-0.90197800832838004,-0.24761059998015472,0.12476195854350738,0.80378342469993402,0.87496513596861858,-0.86202670113323765,-0.14713584420992176,2.048190164056209,2.3406859051800919,0
0.89132889087044098,-0.25805199364972164,1.3701853848410777,-0.1637425403678606,0.94185226138097067,-0.84644510551485397,-0.20931931014544597,2.3762185322350251,1.4650190067193871,1.3015722963194118,0.12235129042111687,-1.7767816436550417,0.27012046685001412,-0.86248535149995575,-1.6372328843495125,0.10582136092506594,-2.1509061701329961,-0.30005937774367281,-0.46687283233712257,0.16505821989340569,-0.038809255271746834,-2.6687428333738028,-0.40222565403475996,-1.1754980021538592,-1.4543814589280952,0.61327831129614974,1.5020747146821376,0.86603214521668459,0.698827376562419,-0.21709936814613615,0
0.28610035093373531,0.42148754444355324,-0.73079614254012193,-0.44701031918498929,0.86823569138287238,0.42974480939924253,0.70595136877574938,-1.6020560135367305,0.30740229524495655,0.18103426607585807,-0.81849132650302803,2.0646008131314781,0.56252105932823915,-0.19449351414945579,1.577721358071414,-1.6100232906174101,1.7068124183077726,-0.90384341934825163,0.22837361340040599,-0.20471597526583324,-0.88062122970511869,-0.82866583861565324,0.10406033123366595,-1.335494041081853,-0.50440046974861519,-1.417852583834927,-0.5560854461633461,-0.11734491649457353,-0.1793170612742854,0.58527013873289868,1
0.17693813194030508,-1.1603054186036117,0.55229094382599742,0.25131163527463551,-0.9835088288254048,-0.057231636898282645,-0.36365135805297744,-1.5413706817207717,0.25466468651916768,0.70545087122810879,0.35643982168617883,-1.108781916506703,-0.11598393257333015,0.11819774564892063,0.63500196126348329,1.5493701628481131,2.0338148480740954,1.3616248358984846,-0.70889479239037201,-1.6368093446274146,0.37131283292982381,1.0859763706527412,0.94834648932789589,-1.2886402931504781,-0.65755263169053224,-0.044303153394903622,0.45269186776062126,-1.8658988971783084,-0.17778866160511991,-0.66338612372016792,0
0.2963293757375291,0.41616053200332243,1.0196974494002624,-0.30658677582751875,0.033532362592742532,0.73430670840850898,-0.17352807383009244,-0.93491724829496692,-1.7745389563384721,-1.0823681167494359,1.3635805046252849,0.27959113869323732,0.36207777697036658,0.67013527558703889,0.67507749181886179,-0.82456672604109027,0.057398582023880457,-1.3610466286939862,-0.91489094594992237,-1.452928017075916,-2.9054254249083629,-0.16021251108637077,-1.0368140193390334,0.40847308966323731,-1.9853500560832409,0.37588948354973917,0.56839960120845934,-0.17893774803909493,-1.2017732475691898,-0.68658505353260479,0
-1.2767114245684594,1.1387406388835037,-1.6988868075645316,-1.9769019087720285,-2.6469972828670634,0.6789362129414398,-1.0258751098744874,0.11644693538747428,-0.28210926737159558,-0.49938907178425085,0.58301464872240572,0.73429137172384196,-1.2098117586277122,-0.14532729024286925,0.97888957312834468,-0.24399022261694228,-0.20307906730125852,-1.3106915320449064,-0.16350849755909333,1.4854134032855106,-0.8059055686687675,0.2992180268449306,-0.44271954729062052,1.4490421084557124,-1.5036817877046897,-0.40775085084221885,-1.0957527965233336,1.9673755626332021,-0.11268325485255128,-0.96591242431076185,1
-2.0131113117961412,-1.651068166913815,1.2771811603861181,0.4819459436079942,-0.29031848504360802,0.078951636241750528,-0.27055839670787923,-0.62989544618405569,1.0159950259734272,-2.3651862472369669,1.0240816945352511,-0.85805323144791046,-3.4980809560617621,-0.79249300811916346,0.27670307760376811,1.0482715958910243,0.23275236037476993,-0.2266506667835331,-2.6833634828632591,-1.6301924001613963,0.28084862830767149,-1.1973570000670484,-0.93091356938587011,-0.0037809072168741367,-0.031729819330531525,0.29570369679146047,1.0494540089407649,-2.154135289353956,-0.82556984022217161,-0.074833378876086473,1
0.68503941940708468,-0.17337803122046772,0.54508412034840426,0.13280527734900677,2.2521174414131218,1.1958277191451161,-0.67109414949103441,-2.2817603882290274,0.59817185358119052,0.41440162420939775,-0.29204211602267521,-0.6274864108681395,0.64187163892068488,1.3631403861445766,-0.086249435107302763,0.49829719772452774,1.8117533979828249,1.1998302674534083,0.49641615163504915,-0.31690410270066233,-0.66891552492490713,-3.2459056309545313,0.17090212300739582,-0.44224560701379256,-0.62566196273479169,1.0699865824790475,-1.0593595571875603,1.0637247450301497,1.4516675620958679,0.30746272376094874,0
-0.33012709617114766,0.16877636454546291,-1.8294927412802859,-1.1827139699409426,1.5820311372720768,-0.45257290703221786,1.3906773161395276,-1.8571981882097843,-0.52389067814838453,-1.1755498755700335,-0.063026034456474048,-1.2368286953539602,-0.13458859379150911,-0.17727445807436662,1.0227862731760562,1.1277177658412159,1.0184632056517924,0.27927030952430976,-0.50187115710642838,1.8647556311580997,0.014565348860048564,-0.315973343925883,1.1747884131299622,-0.20636534523560318,1.0176160437475494,1.1022676925545651,-0.43154841258203785,1.9729882058974115,-0.0063531161039731901,1.27129551738191,1
0.038138674919787841,0.9590815805552807,1.2983653952767908,0.11161640542573724,1.0635370422745025,1.6026931740104688,-1.0440351696352559,-1.6525170646931897,0.68994098216815036,-0.62866941061656179,-0.56937702398930223,-0.11416107117853271,-0.62347338348124948,-0.84808650075091696,0.29651755012691,0.47668093978084364,-1.0776810648258315,-0.20347191531491635,0.45372626442112568,0.56900902831875866,1.1626751312851349,2.0697263562912953,-0.82142698705366968,-1.8940253600175092,1.7652316938628432,1.0435652802762725,1.0049422331230526,0.39416426477297423,0.46576314456595069,-0.37234777459993368,1
0.25659934085360653,-0.59341436877073517,0.70576059917969614,0.15882769133963459,-0.20608126330857351,-1.5689859078257289,-1.4414594426541774,1.7034148362420378,-0.62100970282754708,-2.8118461267367003,-0.0042626061738801069,0.059626801182139179,0.17211035335878341,-0.77707657649953576,1.2359424020827678,0.43141591159865106,0.94082410606560407,0.30518202849636378,-0.13587569019617013,-0.40073324789957138,0.3819454401217614,0.026537429073456444,0.72201696444919639,-1.1644450980564867,0.70318468177946281,-0.38118146910724976,-1.4631663948183506,0.40420058215329713,-0.46035522394186085,-0.73514079678172128,1
-1.5593741938915431,-0.13739645110920748,-0.69667277067872202,-0.70527739568888059,-0.51537146688101565,-0.27930787242341359,-0.18134909993068971,1.4675883763259749,0.49630602384160932,0.89728185854570952,1.9758075717729777,-0.61284271599513152,-1.0273126383955848,-1.0336376637688964,0.48627521606625107,0.81238019156076313,-0.15533002879412675,-0.93955559056696358,-0.43086869937032191,-0.18223642303753187,-0.14324582608511419,-1.3198434958943215,-0.045431188340052192,-1.7277870386287424,0.78252576654724126,-0.82059363490826742,-1.6216612203602609,-1.3074369254372213,-0.11277178366626314,1.3200135493971976,1
-1.7201238244565915,-0.094883486203093753,0.16221179096999827,1.3729207015612324,0.8433543319176281,1.7604040576226805,-0.41020010892011544,-0.14760827362226459,1.1067086489189473,0.67328728612774702,-0.71659780328773937,-0.55290396376086925,-0.06264409598782826,1.9617220893951501,0.48847958870961777,-1.4577123439602351,-0.90079702201859713,-1.1343171587975533,-1.1659946418584843,-0.85564751184976029,0.057394590365581984,0.19105566782720815,0.28728589757609069,-0.55492032812304182,-0.88140903811340787,-0.47977619057380649,-0.52087443587022064,-1.0789831401212744,0.75305286523180437,-0.35665115933617519,0
0.53254695319472389,-1.1304829283818187,-0.3880465673583573,-1.4383282993068769,0.005110813002472017,-0.26860351863288573,0.35915468054086752,-1.0228331716960168,-0.49104325533448379,-0.30087945095496799,0.77699348553197967,0.1337084318559088,-0.83261724179722929,0.73016209695374834,-1.6650981805035132,-1.3644446588327253,-1.5375934767831674,0.57367637434835528,0.46646001422279521,-2.2928341767837677,-2.3477284711839141,0.15296903475536924,-0.72394099482006047,1.7471729392492887,-0.53747981807301337,-0.046679046603528701,-0.7082321759086222,1.5074541638336156,1.2132680025624578,-0.52705327576612204,1
-1.8025560299985783,0.25691729117658557,-1.6772067020874268,0.61152745615000048,0.73595364844971733,-0.6733763922469832,-0.81827938081525697,0.89244709540037248,-0.2623960118196626,0.004511681978174577,1.7502704599374963,0.25582806986854367,-0.33333239140286897,-1.3970376594766678,0.86927402532646414,-1.5634536204651301,-0.13601406455777157,-0.72624295527917249,-0.78087056144409939,0.28326373507828145,0.42586860427010825,-1.6971796386555471,0.3017590055793084,-1.7867139600835142,0.14133663573903979,1.7303147190666894,-0.48548575993871146,-0.3436387635738361,-1.0359186654503116,1.7143864368835988,0
0.84739450945706984,-1.4865414775813011,-1.0861357182319646,1.4011562754968312,0.90151558226941275,0.11128441725356941,2.1454528391383629,-0.064376256847142044,0.43254052988653657,0.37800759280052265,-0.39742513176245486,1.9568877655446379,-2.1260081366208934,-1.4116799912866458,1.1934025176612884,-0.49971572601663217,-0.63526959875708522,1.4683965451984433,-1.9184264103928326,-0.92818266855847353,1.2759814910252194,-0.78790997930596007,-1.1564446651193188,-2.4294846864134891,-1.0622942097018846,0.44004420561968416,-0.93529112417698579,0.12552922563786084,-0.80863324670081849,0.27721605008251726,0
0.63963521596911432,-1.4736094553886856,0.42764098768745668,-0.24811009949204504,0.62302562107368609,-0.48488568068339438,0.29489948447436148,0.45651161057436823,-2.0370170128211877,0.075189611621583066,0.67451663842986509,0.2098202860612853,-0.81915058236082283,1.2563796771276132,0.09344144439157144,1.8576403755730582,0.047501954245921907,-0.20677720137585082,-0.51208391768726325,-0.99232356356561757,0.48340869690251081,-0.73213520909321839,-0.9534318607950486,-0.1053684333191806,0.316427149841504,0.70797190374934404,0.24192631544546128,-0.94853042048485181,0.98831723197379096,0.74191200049136075,0
-0.43503585552505486,0.41764962411291767,0.033476352724671025,-2.2265665629419349,-0.7929239438428497,0.24022083038930489,0.76930552947626518,-1.1329371909720323,1.3463883486734107,-0.23221811451194954,0.5213106707342694,1.0557288526293565,0.49382554930285594,0.33127665754969288,-0.84988507664762669,0.51120969283099027,1.3775307865602542,1.0096381987411087,-0.45315318283745293,0.72854993276353885,-0.29081214113826187,1.1605246920128791,-0.26013790340597681,-0.98029035213771765,-1.2497772586225533,0.42299522221740887,-0.26686095714162211,0.74327976785823469,0.36561846541926174,0.94399572702285706,1
-0.097663837212568771,-1.53676364354788,1.9495588613527082,0.24367471463881013,0.90747050481135538,1.1161294758309379,-0.29067491853571786,1.440834588994623,0.78929557926098759,1.5862498626451276,-0.82557782531538337,-0.96669664635950692,0.088500959315640185,1.4870259868070912,-1.2187098860480756,0.28660780555363013,-0.98767307258686343,0.2604449465338719,-0.64262978521521019,0.94232804977104778,-0.52895125582864144,1.8875805623787834,0.20953177102654391,-0.23100342058846454,-1.6386985993530914,0.64510102205271913,1.0566911629050888,1.0152035368305878,0.35995017899258658,0.14985670915914184,0
-1.1839289787283078,-1.9393915907654089,0.15071690121224174,-0.14290423580077419,1.0164412718776974,0.147547862833493,-0.064222023745325152,0.67018095432647584,-0.81922630505066973,0.52762445322651652,-0.057788820725170609,0.40596805350941068,0.51079149186948758,0.59321613616377555,-0.021541700333225135,-1.800387503474258,-0.36465828822448454,-0.081393414893928206,-1.2675661541350125,0.32479755186238374,-0.43904762077525988,-0.74726070758478846,-0.97530313787072798,0.80997586899224105,1.7925595404053303,0.13380904921211734,0.40065358704314735,-0.31479630845850437,1.0785388524648678,0.19781295562392795,0
1.1901733062079396,-1.8501825307318955,0.78262381178559126,-1.0725179842719899,0.19194442519484942,-1.2364403551425918,0.3086175224602058,0.028694137997472467,1.4164439362763701,-0.1600326221031918,0.98288322730837296,0.21965504089444057,0.23322630853080054,1.0108590351486453,0.96591912727097662,-1.2179311592287378,1.072491616616924,0.69370237600163376,-1.3904852543971224,-1.359330025778982,1.9063068489356831,-0.19678680212066155,1.3241793805069371,1.4896615388778414,0.77755352263142541,-0.33325755309885308,-0.060785970271535754,-2.0273408975695753,-1.0173119082796023,-1.3802424872918237,1
0.57983836627443008,1.2501853049962597,1.4399826018144573,-0.56931213957102123,0.7389720617833947,-1.0130774262284279,0.013864372235434049,-0.64294333433064321,-0.081934870413758382,0.7068205416549509,-1.2113576649331665,0.64019416350371705,-0.22665364260051865,1.8997093242417344,-1.9761889759705749,-0.88726628115160078,1.8157795794062161,0.25147461886207234,-0.025755798288677127,-1.2851102917047716,0.66015091514675039,0.40392030443737698,-0.7369372373260642,-0.55414575074177741,1.9454419689811209,-0.079402857362451604,-0.14652618537346376,1.1162851740127946,0.2598322903758104,-1.4964999878162684,1
0.1048048146784949,0.17262893192438747,0.042707762512572474,-0.8990347020323417,0.01453086167549148,-1.4408992709853683,0.52435348770665879,0.16064715413037819,0.30665128920415241,0.59255815923834088,-0.28711791408437931,-0.39686063883092176,0.90832884611594811,-1.5026599416976913,-0.78082672420494259,0.35347648007317223,0.81652295766269645,1.0478089407431053,0.17946963915713635,-0.39134364367539015,-0.70154195905258121,1.3391191461160543,0.0079354873154049241,-0.31716677356124456,1.6503838920357452,-0.26298845189067183,0.19554243085936932,0.8442785514803649,0.47478065915529705,-0.42462923366980715,1
-0.16297564379622972,0.70771204159056456,-1.4640382471529851,0.57432789122490935,0.83711958141616349,-0.31867918228302172,0.73425940445684523,1.1443318444745947,0.93632454059082959,0.53317489668102902,-0.24541243301916116,-0.27178072619996296,-0.77411860860959525,0.66554867546554131,0.50526658058204055,1.1554626214801043,-1.1422309331252756,-1.6516407452213024,0.17292177076812221,-1.0910175279952217,0.63782370405517408,1.4891910646916762,0.097138191452056738,-1.9730606306274467,0.28324172597030556,-0.14492280292330043,1.0476947544066966,0.71820592770948777,-1.17866753578002,0.1878331644352694,1
0.90347355542432994,0.25972548234851767,-1.0130903051070794,-0.71871956153770999,-1.2424382822573046,0.67077171725537099,-0.33811424328637169,-0.39926544777315087,-1.733837533772302,0.63321614261870407,0.25743043310165958,-0.25419032876060627,-0.22914408373090872,-1.7051271443679261,-0.68703606838425268,-0.14767917260378102,-0.070650513987959421,-1.4745072118452671,-0.80984429511915634,0.50135343549539479,-0.34244448853525006,0.10375681229337287,-0.29908435262939359,-0.83387177591554074,-0.30651601055629774,2.485869905191548,-0.11156146657420328,-0.43863897110992256,-1.0956279850255304,0.396540137420202,0
-1.2239635455203015,0.12560067854996176,1.3578634068379463,-0.032038969462678812,0.69630471272179018,-0.42411296160115464,1.4098103552556209,1.1119918617072029,-0.067651682637801996,0.53101501603850809,-1.3058023163351848,0.11882962103804701,0.54517492810782708,0.35876049587762326,-0.28250701778083853,-1.5666455696951938,-0.7683754848936063,-0.10135767566493935,-0.59031960876910006,0.70043602493127044,-0.39292063832189417,-0.55848016705510495,0.25702150972949772,-1.3669339416076387,-1.0616573513348331,0.007368814312224207,-0.15347374386399398,-0.70291884807202365,-0.21729357470035959,0.40640940120654362,0
-0.58000673642029865,0.46198356757507342,-0.60965621515632273,-0.4582756322378207,-1.9541748852620855,0.45589726418438453,1.3973559905456423,-0.32507941098425985,0.21060365916786414,-0.48002367182255262,-0.77425814971634177,-0.38085176573173823,0.26179324748062716,-1.3436388945158286,0.30415318620363735,-0.37320378058766596,0.037857850665186765,0.18463903584312027,-0.23596176896219836,0.32719958148942829,0.30178519303026857,0.52096909454793261,1.1761745611472898,0.47083947940587267,-0.031150286012170465,-1.5622206000692025,1.7722995587167909,-1.8129694755899288,0.20976259840571965,-0.067023476525996009,1
1.4548782238449181,-0.56373358208049384,0.24204926138818486,1.1954222633106217,2.8289395531069852,0.032402669944434116,-0.36443214254638095,-1.4933184677551949,0.44708996179032101,1.1962029689423621,0.63511648231310924,0.45881820122030359,1.6994304243510374,0.73930788563142191,2.0620582846563917,0.59259210072274426,-0.50262928268835905,-0.37253944152611224,1.3455206805002649,0.055706935690978336,0.30067351243246943,0.75172371943307936,1.9527831521903662,-0.59005612838416222,0.16408726608011712,0.71710921212699341,0.59876262878527275,0.19607456674963958,-0.006888739101456853,0.70337730629924211,0
-0.61950812180392045,-0.72835451491636805,1.6037981363638159,1.8686494559616869,-0.017480369330354861,-1.7952414615686982,-2.6518975639409175,1.1224400815674,0.91254857157440583,2.4667064617845389,-1.724115133797077,-0.33932696813979302,0.13794791563958084,0.49971858846860107,-0.93037743312264465,0.011895292538523509,0.2347129425412004,-2.1551025744820675,-2.073885055842712,-0.058725606937104595,2.5520732421975039,-1.4808413082521148,-1.6290603904817442,-0.86035064800055738,-1.691202891459312,-1.4993659417561771,-0.38336052255632974,0.23756399839665152,-0.30911063059073257,0.48580748009846264,0
0.71059153863111868,-1.1984809417748223,-0.34745749415860278,2.1680237124772441,-0.11569153002148191,0.63807237885903734,0.9497129040610407,0.1221054952921391,1.5150475129317125,-1.2696767317854269,0.25192921677185709,-1.8048957459309993,1.5928236478697035,-0.12793294391697999,-1.3568162593217568,1.66418054668235,1.010588764514037,0.12150087008976182,-0.37374680949237571,1.7159009760619905,-1.6736080357332501,0.047115203325103272,0.79516773183902612,-1.9645009667707547,-1.6878068217239659,0.19731830763168232,-0.46488959346145747,-0.84097437562965616,1.0818386570830043,1.2802103034223229,1
0.016305795082756779,0.6465499554633346,-0.64780178702183744,-0.40442318498446317,-0.014198766388915958,0.17775575572800062,0.87345977869547775,2.4646886233895651,-0.66015841770806671,1.6183116516142582,0.81364587279008938,1.7803745972364464,0.88169981656617513,-0.60252204821804944,1.9999065281238708,0.28852213734993215,0.21584968434257357,-0.903074124294449,-0.85642540118645383,-2.0064146338262234,0.041127036932639013,0.9279218333238517,-0.71058135935265454,0.51513531338482854,-0.77012382312050509,-0.78389491437243464,-1.0634410820219837,0.1522836470567045,-1.4269415060129618,1.5372774605969537,0
0.91725188272165115,1.2594662672688621,0.55680469927677889,-0.9693184271650499,-0.2458460673335624,-0.11236673726973155,-0.50262893536265785,0.23602605792545522,1.2254638106639284,-0.022957846387509043,0.29596140280535915,0.78867264404626369,-2.5105073053447122,0.16946829581343054,-0.53267941101021088,-0.82943204213324417,0.66845833095841545,1.6768071808226481,1.5680556855833017,-0.88899480709573631,0.56203406223032026,1.1027760113494494,0.047160882174614817,-0.85472177134900607,0.48591105914481469,1.0418797778727442,2.2030189334916805,0.79874524594054286,0.35246485806690286,0.77277523867155495,1
