V1,V2,V3,V4,V5,V6,V7,V8,V9,V10,V11,V12,V13,V14,V15,V16,V17,V18,V19,V20,y1,y2,y3,y4
0.017305371720789303,0.49366062860672338,-2.0571585547157745,-0.1002689603494305,0.92598157717424801,-1.2587211267392244,0.77384694813831556,1.103678012745142,1.0844277392181267,1.9069238423904167,-2.0868495598488357,0.15542522917289275,-0.023380397650431303,-0.22945988263555753,-0.69602244794346857,-0.57985340542996522,0.10400250391424874,1.1083908130348981,-1.824599770886195,0.83799006338763593,-4.1746112719183328,0.028486902375165712,-0.12617670248940965,4.6224822552041305
-0.22157586844187654,-0.082480605889267991,-0.30994950452489028,2.7675667173300198,1.2736154863270615,-0.030689038399242453,0.70814252386114107,0.24887891476339927,1.1395772077098241,-0.23377412707945774,0.71025705440510234,0.53806168117645203,1.1393823948598631,-1.4742249521372048,-0.18227341280218731,0.62352428317457187,-0.31709011319361458,0.67282587846025965,-1.1646653838658996,0.033902794776046144,3.5709746664449424,-3.4966899250716952,-1.1982204780337953,4.6374718141017715
0.31839201873986861,0.09041052439214356,1.5211699756624892,0.49279850989601443,1.302132669697778,0.17272434677829362,1.0966867864759211,-1.9589184793808088,0.26144229728691548,-0.59492017536690645,-0.3146262232783163,1.5577211785019143,-0.74026576034842928,-0.74094430342741824,1.0058300363283268,-1.1355774564315744,-0.34333005939500555,0.91565014435486758,1.3462735326458497,-1.0776292426765475,4.1037653278218604,-1.1918571912522842,-0.42598142949046736,3.2128506168474735
0.18429389147212646,-0.63402905518102382,0.60271595126578803,-0.73497598550217302,0.48760375005506301,-1.0514960177611037,2.2908610672655296,-1.2514985437083219,-0.28215652532984287,-0.72343756468521248,-0.094148304757876555,-0.11061812258653102,-0.42041236447623004,-0.26108828601108486,0.28702614782541436,-0.30903862216761724,-0.092884079776808265,-0.33708072065256744,-0.69928648859886011,-0.68934229894648191,0.30169235822919149,3.3723381211957175,-0.11818009712326182,3.0112560191731346
0.12439202823908638,1.1615073997329515,0.18686225541347151,0.12858799507640284,-0.862116544833609,-2.0293942601631128,-0.11920980498612885,0.3344077400050452,0.83020807845290578,-0.40234857332748664,-1.0457045642189624,0.80181078795366156,-2.4100616047272223,0.19455099627737227,0.46901215393815077,0.61008146280912856,-1.8637611222416588,0.53481552906365271,-0.39223581233653443,-0.35884819998798856,-0.80088491187708388,-0.18907536399480696,-7.7576264310957077,4.4435320089109371
-0.23291172267218235,-2.2269518667626667,0.30021008004309746,-0.93539888701921714,-0.20341329787919615,0.29366586844227677,-1.928353523584899,0.048487838434541047,0.3294178660919122,0.85576262603686903,1.8218491282141192,0.18703805222315789,0.017617638443145629,-0.8159598599172404,-0.03630221994006004,0.20793962735096544,0.0056374726241938166,0.40973584939532187,-1.3266197453255806,-1.0404076018222472,-0.21159004720145397,0.89902305111030212,5.5196652142251441,-3.4319338014474363
0.42496591791909177,-0.045795267951315347,0.45704869426002487,0.03919112018693742,-0.12348680425611056,-0.050914457151662595,0.91857360114893327,0.13950032757762459,-1.8389023293751683,0.47750895881170602,0.83915011112818205,-0.45206439754585559,0.017848050060076556,-0.38581406251099248,-0.47114347219392039,0.75611996192973308,0.22714367119017384,-0.35693228949399997,-0.3887863599406402,-0.79307241700968067,-0.76111526258775486,1.8920192775017521,1.3296357475835561,2.3318001647357267
-1.002433409617171,0.80380482199424497,0.40500401717810541,1.7039304468976273,-2.0525766097908629,-0.072269914668460125,-0.15948722209870125,1.546403274500179,1.6495830548677786,-0.1818709527904348,-1.8303460494548329,-0.91712857944825632,-0.80445529197892729,0.26587919243345265,-0.00047722285152480213,-0.51100546721524653,0.42633203815648413,0.0073434678679757158,0.88736329055635121,-0.52509220125846279,-5.8156514901144334,-4.1376254012071572,-3.8720236374020951,3.5797137428537158
-1.1119465011566485,1.1115449774220534,1.3951964221002124,0.87078918574871977,1.0592999826014675,0.46441956814066199,-0.87558899226086107,-0.89205716143506031,-0.38571786858735035,0.76039347770025845,-0.062308131216894908,-1.5329860558912027,-1.0707836480911583,-0.50342706357000111,-0.41665930445432536,-0.050852412392303717,0.86723095801202321,-0.95102459011813356,0.8687079785711449,-0.35897968089467269,-0.11620323997760124,-2.0559467449918643,2.1306355975403219,-5.1386833155594429
0.37170855154341698,0.1128182130556758,0.16206527896109349,1.1663806354276318,0.04347662350045662,-0.8484547891151849,-1.6273938866588316,0.023240788817699889,-1.1920861236120288,-1.1579149197197371,0.27495982835803034,-0.3276204224839292,-0.027807285726055318,-1.2189252570876805,-1.3353745253637819,-1.514565690169198,0.91575123007068993,-1.3510488048689115,-0.51935869148297886,0.25334594674059108,2.2758317117981326,0.850489751636063,0.27477782068214562,-2.8094192999778445
0.089528447419763471,-0.88297632449285623,-0.49152533863108361,-0.2566946511243498,-1.00212226810184,0.57096447666019856,0.4803879357284262,0.86514383303526809,2.0567173780576065,-0.32416989444619754,0.034055707077150103,-0.90732327563000303,0.39387011264243854,-1.5773840754471182,-0.58085114721337161,-0.8305520088844579,-0.43730706457357454,0.1538462668555676,-0.36274211248947602,-0.4799588180747163,0.33829171519507173,0.31755676571591662,0.099021532346083352,6.0907402115063469
-1.774387596675175,0.87471544511790877,-1.0928765414635166,0.84318810231430807,-0.57174610217394295,-0.074582161214021975,0.68331928968133748,0.7039299994839,0.22502210048450622,-0.99244239174331605,0.21726087150343229,0.92082924788162479,-0.98993058769154396,1.2097815330674757,0.016754666982323099,-0.73154121345755319,-0.93428769588318028,-0.19321274563160065,-0.56633101228844895,-1.4038571643522011,4.210320070798141,-4.5343480236255918,-3.8689879011393851,1.3626946429410123
1.3084242146502358,0.20334337268187846,0.17874517094831976,-0.99724567502201256,-0.18642968389881914,-0.32360433226584356,1.6886161008171343,-0.60816770008589627,-0.32366205320097091,0.48810591865727498,-0.72265794039716302,0.18745861613389897,-0.47091623178144432,-0.80741779662972868,1.3892304645452489,-2.3872546043543563,-0.40409311720053254,0.83082150582477055,0.58357962487341175,0.29622841893651503,-2.0388806094905085,3.2447143501392866,-1.2447042853625123,3.6129631823612023
0.81984430058582303,0.58323877520873968,0.89480865503086926,-0.29569540862998833,0.44262104076845521,0.092665825371630081,0.61854548915602559,0.14866827653292991,0.82985279456297856,-0.060848753623889043,0.14367482684904467,-0.11792460802439672,1.1757673661919283,1.1662952045243407,1.563160209744362,1.1142029612103848,1.1314339712895698,1.5093791728315862,0.016734243388354469,1.0836105292145672,0.036836203457134786,3.2371799908955694,0.41015562548848272,0.048576560986868474
1.4189846233695491,-1.4934585733296519,1.3620662774662846,-1.412792424613414,1.1881922432902476,-0.67257321279696802,-0.24767340018496717,0.34548195567125928,-1.3022636248097585,0.38592835404723452,-0.12425862871749903,-0.71290880395228662,-0.053279329665872177,0.23047584142686917,0.013597850204346033,0.2812184752855198,0.54644197137777151,-0.83471145433144567,-0.0098133305848262329,-0.24528146488106498,-3.1567296115314392,3.4571955035748387,1.8430624971489524,-0.26723965320244281
-0.76092991527066767,1.0394143889270566,0.10810045221012606,0.12967009925469472,1.2387048268757361,0.16105054610063532,1.8642908560502676,0.8806291529941298,-0.48478235609715242,1.1308064832251936,-1.6218275278205261,-0.38732782455609349,0.019106603976749605,-0.6013374914354197,-0.70701110736929573,-0.38479955256931103,1.3606023875326314,0.69148775453088307,0.91553085443473292,-0.27687331134342025,-1.4334965026241906,-4.3775525804043287,2.0557303308644364,0.94969843068340043
-0.0023994048489195154,0.81196760907536958,1.6241792794949639,-0.46446590439456897,0.041791691366491759,-1.3750572477383778,0.2796637380550745,0.26885879139866403,1.7569913019098486,-1.8720097400113913,1.836986114371421,0.27495378845524282,-0.50262750183145488,1.1549280014940051,0.93878697892156071,0.55948735214600986,-2.0767268369457708,-0.34606889229410837,-0.35901457094686917,-1.150860270817903,4.6963020578681185,3.9270162468214247,-9.0275592828172897,2.9063897433953954
0.54046030561938441,-0.33425230979955733,-1.9546177293199707,0.60540132576255001,-0.78111079332485667,-1.8538967839455411,1.0107493672017527,0.16613771710402794,-0.89984643725780444,0.51764679263581337,-0.76171479917226481,0.60205870430310948,1.0119507001465275,1.4848712579778702,1.3141838392742757,-0.50762921729057808,1.3962400163860245,-0.31988049771378557,2.2691378042264727,-0.044544892704754986,-2.0436153442396567,-0.029199943714268484,3.1298929665400763,1.2086480307508114
-1.7485827508656442,2.0019254328254275,-1.2661512968590758,0.085272164471981882,-1.6065118287550388,-0.040786096678877379,0.47776899836789211,-2.211915887082911,-0.11942294295584852,0.30248115856529056,-0.97776875708543642,-0.59790191072926291,0.36564516856093632,-0.62978565012934951,-1.1741873704503933,0.66821557368108675,-0.64100362223778951,-0.18096113516126341,-0.25767762967025343,-1.7754485714816999,-3.6294436900115521,-4.2576815544924784,0.40455576135343896,-3.4439872618770133
-0.31071895122078896,0.66673715142014778,-0.18747589742820003,1.7549231018382589,-0.92526992283901721,0.18996125376963038,0.13493330341472506,-1.4346043935772264,-0.087328336984072275,-1.4001573063871791,-1.0229439633396746,1.3160536076899192,0.49207810754274001,0.27170346740715412,-0.13787422459040882,-1.1792870775505617,-0.41050091670180094,0.79576444160258086,0.37760079733804974,-0.32389750533804595,0.14792025363534678,-1.8679028595062126,-1.9966450498123836,1.9028177505103632
0.36564861477344501,0.54831324160420902,2.0114974018032115,-0.67435407390662916,0.50891485950318105,-0.84312577680528034,0.27663219251611032,-0.95100671949244009,0.5056694420845198,1.3717555313930196,-0.17628945003902458,-1.7742067196996743,0.45344799199706903,1.2482970864465952,0.59961622713762619,1.4945130658882102,1.6063214819400167,1.5405939436092966,0.088240146453153034,-0.3442536141077352,-2.6381147635172857,1.9811703311371462,2.8954148552698724,-4.3708953936251849
0.22627133992020132,0.67028725437037706,0.57378109667069499,-0.80600861249866695,-0.63981750213792199,0.49525365211034023,0.22156580372563303,0.42589890167335615,-1.6930118520967401,0.26634927469511449,0.97829737961459906,1.7008797929582642,0.78980361891042605,0.68182353293396958,-0.19059543747125693,-1.497341163681587,0.29716174467467077,1.2805681608686006,-0.00059064997863600682,-0.96601426418242964,2.9553117511938565,1.421178430825865,2.7120392201827688,-1.2308887615831241
0.64314560860717651,-0.47170345796297297,-0.70415377189839601,-0.17920958172800291,1.0785111731006358,0.36830684196551,0.22907069895817572,0.50592931907116612,-1.4341727971550773,0.69279587233023199,0.48384962992836122,-0.6315217674769078,-0.44860864151447238,0.23947395276774072,-0.80572281371430354,-0.29166625255456247,-1.1378535598493893,-1.7706677296136646,0.62475681696880281,-2.19663885582623,-1.8245628414659261,2.8360518128425634,0.79685530646582281,1.6335059498503215
-2.064446902305626,-1.0058986464419355,0.71130637633929739,0.6470687194091137,-0.39288749438638892,-1.7833439410730625,-0.92765983661271201,-0.77349056827674778,0.68892783693841964,0.012204771785064695,-0.2031752675128764,1.4099982848579224,-1.156368532821376,1.632198261776229,2.30832784291839,0.16694531773721333,-1.5707756459523046,0.4066345834859551,-2.3816195196752816,-0.13046814380778701,0.53958286242758491,-2.63875625652582,-2.5772085998102323,-5.2764889353809252
-0.28816826620317215,-0.15166967626612307,-1.0354128115614702,2.0321716751125374,-1.6343298111294204,2.3753400481144213,-0.49244816483463394,-0.48864003009971857,0.2222265657577906,-0.12522063158873936,0.61282631759456641,1.2038397776718082,0.15789758057790865,-0.1109694747077415,-0.77622772106782589,2.3413721145596331,-0.53104883267087133,-1.032047927731873,-0.26156035652289172,-0.50895720174266834,-0.92420543606763716,-0.46525218078856839,1.4018128721719423,2.7749404968515612
0.76655397698010741,-2.1452307153278469,0.39818887600350505,-1.6514636758681918,-0.14379699358435477,1.2548359250732048,-1.0033857070518519,0.73730986901867712,0.2109154729479876,-1.7148743287298946,1.2399425584551484,0.53223364201651069,0.32026698242214691,0.81416965638918593,0.0054348898102715513,-1.2098045863444833,-0.52996242197495047,-0.98079554556079274,-1.1009385979517297,0.68483502379181904,3.9026553536807631,5.187755799480394,1.1792740956272594,-1.4127731283665885
1.0302754699137007,-0.39316905834139471,-0.52052410620944833,-0.12169033476588287,-0.076964120819791648,-1.3999577551979308,-0.075301324889950783,0.0048312649261731001,-0.33824338142329979,0.84458454464326449,-0.63329917537908587,-2.6884476269946354,-1.552745234506502,-1.7883859515411691,-0.35493682476554905,-1.7774405291223181,0.33634186538267313,0.11094360403326557,0.28941546004460095,-0.83474296862280795,-6.3449220057992939,2.4230693514200929,3.3302601765285522,1.3892618273087411
-0.36792503715528052,0.51601427534422084,-0.50274902246481734,1.3949127967755848,1.2279479106371114,-0.90564427971656059,0.87404373917125211,1.4575302125631915,-1.2224711503374106,3.032865070558703,0.84017705327538406,-1.1208632118739188,0.60192972782680565,0.63768829532062232,0.031995588825322142,1.4455259174117974,-1.9272359461943269,-0.62468974152447498,0.62571464936965626,1.214606627580967,-0.93069562612726253,0.27009306904506269,-2.20308283690738,6.5385221932152415
-1.2718880554160599,0.15758812799202884,0.43041077470340894,0.090649500274629979,0.65536451520312289,0.51848592117000081,-1.3575502322495232,-0.69478382719098974,-0.22424695661864297,-1.9502727160028697,-1.0027086174943369,-0.99230831503136674,0.16841928733768011,0.83903644720639103,-1.3227675463643651,0.1793875555585816,0.99524481194908043,1.8597872435291636,1.1034223521085273,-0.33382901291262096,1.5570502610580883,-4.6381021517762848,-0.39392647375644502,-5.1027746590942913
0.11798777685311798,0.35867257784952378,3.0779223218621183,-1.8259904043527664,1.343846035172761,0.029466849366150127,-0.034488164820874329,0.68629500929728493,-0.17196664721230351,-1.0451379944646619,-0.024812911429608838,0.82741828391157302,-0.24039239742666402,-0.82190627338486311,-0.25508105479394255,-1.4641044340255727,2.5340494505189803,-0.59912957441539672,-0.29375245499281982,0.10827279312143857,3.2243099820500705,3.6456753652077052,0.05758790891961918,-4.6557574891900124
1.1948098704168304,-0.50364535778997788,0.79467689426049248,-0.8728471063130584,-0.71210372006196654,-0.48249971753002169,1.2070812785601825,0.1712385600818073,-0.57129428547610206,0.73031497636112308,-0.43636143928488702,1.3311954863461164,-0.61199742785441202,-0.44477881104898598,-1.1391813221829037,0.71971787909690843,1.3581222598467162,-1.026456015929849,0.21421113116032445,-0.031135110080457874,-3.3813682989773923,4.5705730696854712,4.2388466853013886,1.2389474178077307
-2.0034625003865929,1.5817027723759314,-0.59638245199332607,-1.384540480962724,0.45410159744969136,1.0178049431842979,-2.8746122991678615,-0.80128027427401216,1.6434121320015223,0.055405173698916038,0.52780713330234807,0.47898379232299809,-2.6528885035882315,-0.8602418302133984,0.20225817489220935,0.57468947195447095,1.6211766341713481,-0.5163375995521623,0.75044431190648631,0.45115856217020361,3.5360196395478551,-5.8963469083251523,2.7851189918135431,-13.61054239643143
-0.47153692354569388,-0.13504380978830252,-1.4321543370232368,1.1236350263464343,0.45171543950625892,-0.85303485295476811,0.020677388989996243,0.084185232816875594,0.26572933150117245,-0.48894647120792856,0.28891324959833242,0.62603554132697048,0.70081750304251811,0.3456360802314431,0.49613907129033691,0.20999095393753939,-0.62529624267936568,-0.29950064203434029,-0.93399976566416842,0.24543795165608914,3.4999660697529325,0.57747763469448721,-3.000290589403948,1.1300373425618151
-0.78455479078422641,0.47658008373215699,0.24579471113784709,0.61670653233719341,-1.2304773558767057,0.78039715178006386,1.0026957520119566,-2.2001773832932403,0.59181312047246737,-0.66273766474061857,-1.0247183800263251,-0.051111226920428549,1.1548515045284451,0.46690905320629983,-0.71386394348588522,0.73877537030161911,-0.49801678787131159,-0.010384640786001006,-1.3738460313481009,-0.32856128192503181,-1.4023816675575858,-2.217646197715379,-0.72304242876514968,0.73096748524218458
-0.35573876762254258,-0.91393265029578818,1.467097044640904,1.09134258268678,1.0098882496381745,0.96596405262728824,-0.14960027014651098,-0.45496818874997125,-1.1923625999540586,0.59653171656728554,0.41164742378453201,-1.1452887846959461,0.7299852124537648,0.72502170935390198,2.6089703232812562,-0.72238369244007061,0.94316699185121888,1.0949163537178075,-0.42354626826684072,1.034146965049388,-0.50237020884477801,-1.02478356585747,5.3280966065715587,-4.0035910418467893
-0.35712249812939711,0.14176364178197026,-0.060445323161313999,-1.1783382456108082,0.86775174859538151,2.4714895531172956,0.25009771666253139,-0.7768774509882016,0.78412244970852762,0.60059181605515333,-0.002533429311235996,-2.6115846536008021,-1.2952676243856147,1.8315047967418971,-1.2359224774237636,1.5886128963294215,-0.86763693041991485,0.13313566171801153,-0.84557996015048831,-1.1413772110240767,-4.9237477188201009,3.0470721069207181,0.56933864731665551,-0.2285743954463843
0.93760415806879494,-0.12845967317179985,-0.36341067482181572,-2.034350989515342,-0.87091789556870614,0.19542325409426911,0.7819640489872518,-0.86909319059332868,-0.076974595284100111,1.4612716220794917,0.67848093689216715,0.27710847953550649,0.14263335243199521,0.55178794318676894,0.062069777846661858,0.35760994479169522,0.086785974610475936,0.097858994232322125,2.0691361436955469,-1.0325429541604678,-3.1572434685518784,2.7952894494859635,3.7422656836138777,0.97568739428222573
0.13657085357501408,0.85758743286208283,0.82953660787390471,-0.46529651582658788,1.2239404345966436,-1.0246313214862195,-0.43896902196561927,-1.7587872849205564,0.95437815627929568,-1.1100436860442453,-0.69190924717781277,0.2735746048946614,-0.25189951132722971,-1.1137907944114209,0.62045156537148149,0.2339407726457724,-0.25851416504943159,-1.2025762533851239,0.20477133030252698,-1.3396733600642263,3.907972253350442,1.3341664302030039,-2.2329497704138559,-1.6955047849807472
-0.87564734439692771,-1.8191783014100202,0.41306011687242028,-1.0148025345196292,0.70166293403687496,0.25561160248291964,1.9098560646401135,-0.67169319540064032,-0.12649406780353964,-0.39819116181324077,0.65325271506683946,0.15591568245516907,-0.78374152191913826,0.03819886623266399,1.1288844114966237,0.15771123694314532,1.1889790889406529,0.16883637338700222,-0.41682573703574666,0.22792858324992291,1.3034404257763008,-1.663941872482614,4.4818248248970907,-2.3552435181563443
0.16226708523045036,-0.45199300984805224,1.2490483599164677,1.5059613605591391,-0.5279723945852457,1.9305942251018591,0.45896867717588569,0.69076743360263948,0.26116597025639537,0.007531547033526164,0.065849119033463244,-0.85081233400674106,0.49150897066860333,1.2787563324546145,-1.0332368833941623,-0.42887104280693455,-0.631436125853307,0.80958225550768592,-0.51081339535136283,-0.46087051137598284,-2.9145787707876143,-0.65017096475335956,0.13839009941215585,6.0052111760353588
-1.2422358260920336,-0.23676983391830719,-1.1329304788638836,-2.2512054547265965,1.0260448813343181,-0.46702766577125959,-0.18346672966395491,-0.31293762672115288,-0.03704098843994142,1.0139460752426122,0.33358918167478452,0.83920492346083675,0.1272675990859041,0.98772035059701691,0.19233306616751131,-0.75365037423506842,-1.5149529514289375,0.82143213533687742,0.59163393825102639,-1.9148410125874009,1.2339334937564608,-1.0513410749235408,0.55255334912421306,0.29994013309897172
-0.32959378514250171,-0.11556934436215162,-0.97032189689524984,0.72929318376293806,0.63706644623139064,-0.60386064715514731,0.78683768945099775,-0.52324778100247049,-0.0007688227565686948,-0.61784075554758222,-0.81001382108505371,-1.437220960315835,0.97081187282602754,0.19066257180327476,0.017386556454920842,0.88421173454341773,1.2032529090028099,0.19969848448156621,-1.0294191273313151,1.4416070366191154,-0.53370341055539539,-2.5822864164784423,0.33538174582244218,-0.35928068686751818
1.0544083292868194,-0.24616356854878599,-0.93406770566967456,-2.6951433175019361,-0.92691978568648736,0.58763192538429632,0.76907435094967425,1.5780451073685366,-1.3599681916239468,2.1730227370785578,1.6157983206036726,-0.22388073866087468,-0.36913561126222277,-1.1095454087018675,-0.06392354186518423,0.30097497936005591,1.4204875573093614,-0.072783162115415759,0.14210261697557991,-0.64163170553933691,-2.932281930481055,3.6321900551419972,6.1240421027990397,-0.80534796651258089
-0.91344778489503942,-0.45936400705956743,0.0017158439429907082,-0.56168239800472508,-0.3103187238009566,0.46356578991746983,-0.48982633234260081,0.1440129253710444,-0.035424137663297613,0.86606520892620853,0.79723648668639291,0.35675657198457889,-2.1730589263650937,0.78375144864282476,0.28795524137787815,0.28601781390535158,-0.22471331380740162,1.6030999264561447,1.3527513784590601,1.5918968151735502,0.01688417905498224,-4.3845780189384111,1.0386435501200697,-2.4404047739214061
-0.56127688085219218,-1.3976163528700105,0.37715395409028446,-0.27892970220898189,0.66495237378168626,-0.074776112378185905,1.8519272337472561,2.0814404317230633,0.33962694730406445,-0.59820610761193693,-0.61722927784604287,-1.2598525821613067,2.4627873110723946,0.62338580102511953,-0.28602295454392029,-0.9289571283880842,0.72236110563639078,-1.8182279460963442,-0.6179103275254344,-1.2914937164070086,0.25476527171458452,0.62536851679157124,0.32452178813241206,5.9089818792270581
-0.96638471699964235,-1.0350929830687294,0.11006350258334002,-1.4520169287551681,0.49281521484794533,-1.1201981148103113,0.2690857194758145,-0.58481621371938197,-0.31232473484312256,0.7823474528379385,-1.3950321378910888,-0.20085939412328266,0.27796732295406029,0.5793540724039915,-1.337660059108311,-0.53853426777475244,-0.23258334865974206,1.1555823428006753,-1.0655891771686932,-1.1850998079380271,-5.3209527142962418,-1.3631400571223604,3.1496518167326655,-1.9969200944207595
-0.14911834387319592,0.75808348471288334,1.0711437485124982,1.4175876669262033,1.0144000451461699,1.6456498819382837,0.12395734531692135,1.8279088616625043,-0.83733077759506702,1.8278587813250609,-0.78385551971610601,0.30030277896046753,1.4555361462348602,-0.2833180492455884,-0.8869810407547879,-0.59095837441119248,-0.79450441169337549,0.96247217725649359,0.37449259152668862,-0.56424681722853764,-3.4851134433924149,-1.6860705425349671,3.9047966654703208,5.4092312967362313
0.8625127341133938,-0.76839641380738877,-0.13747892913846343,0.32470654486556383,0.18024148990042582,1.307665965561317,-0.42443595025225161,-1.6195549533657443,-0.97824176145568242,0.37439918374460052,-1.0181594079643088,0.35344671452430126,1.3776861381516712,0.35648890746221007,0.0092956739421393014,-0.73581305056970814,-0.20089645265180489,0.77630647519248919,0.54367374003663027,-1.5061932764795996,-3.7362498447275847,1.7015698974621005,5.6070886350473224,-1.4198020761642456
1.3009168604341987,-1.1272371530007506,-0.38103949365054263,0.22984441141410966,-1.2234180741487022,-0.89906745569263991,0.013052859385190652,-0.99555853362537339,-0.72195211251094515,1.2044428722230534,-0.77810611024521736,-0.45029509682955143,0.43627347560967977,0.52873183202038188,0.2529500904662943,-0.92516619479219653,-0.15421725568393402,0.57401027929302495,0.80107445377493436,1.7910070506169709,-7.156332551341265,-0.23230563336121413,2.9133292264311064,0.91082805327215999
0.43832399492710955,1.7786872397095927,-1.1428013618781452,-0.76557654400892616,-0.7433883098726316,1.092425253930398,-0.84803280579098239,2.6595333761212934,0.49417549250214954,0.76248699961542454,1.0783267157490373,0.89191770657532699,2.3515010701587431,0.44997332265504858,1.4161635230145044,-0.33695224950825886,-0.25983709808895689,2.2917521079506318,0.028446179130895435,2.1121011499012274,2.9723110260660519,-1.745947071406539,-3.332691611977975,0.30121766572851438
0.61817512109193939,-0.94251040450106005,-1.1540489642889502,-2.9943347881807547,-1.0550962374305064,-1.8847889493666192,-0.31015116698230716,0.94165347914967046,-1.0050969069682931,-2.6676318613760408,1.6454169716304223,0.88965804032995044,1.3862712270103175,1.6084037462490903,0.76418661173859281,1.0119292036310303,-1.2100286513119669,1.4339906888035507,0.49034042840517333,-0.082984246867766162,3.2950207451516111,2.1094359173744515,-8.2428054705830895,-0.43427127717727609
-0.0081758451242833572,1.3164074619996946,0.40098714539101304,0.34104581725468802,0.23259950305893753,-0.94612478591666183,-0.51687833323457177,-1.2804935453339761,-2.0106579943787195,1.0296568225625726,-1.0851134761092753,0.63634554824212508,-0.082217410862836016,1.6289224495426711,0.017810182711284202,0.4290392651853645,0.46242773295247303,-1.034413715506338,1.5883052560984099,0.32534250292365324,-4.2869976274680344,1.4447998299782026,0.45700474598791185,-0.82842245320740338
0.63032772494776157,-0.43253192086294606,0.13662047073600753,1.1576349441599008,0.35450935431578184,0.72944793244966655,-0.18675925570297597,-1.25784697909862,0.12343346571936151,1.0963488264477466,-1.8730655841729908,0.51898678740978454,-1.2153744610160173,0.067518956750785245,0.14412984872738011,0.077401015554613622,-1.6411077979544348,1.832119105749878,-0.28095684740709437,-0.18432367344805592,-5.9707847034047612,-0.76637864613450024,0.85438993524633289,3.059254048103579
-0.02717982962740894,-0.75815637195895957,0.43200354484817527,0.1469100566622546,-1.7575291874304264,-1.646068373825305,0.92813433740463647,2.314557790762183,-0.41757106832836893,0.0061739517027903047,-1.2580165035964705,0.76812154988912029,-0.42535540864031307,-1.0386121113616997,1.0093256560205968,-0.23171985941242687,-2.3473345010208737,-0.47041020256922933,-0.299460473116545,-0.017845949026197377,-5.7543185716236609,0.15879494639376726,-7.6464482224310846,6.7891568914687301
1.1511037243217039,-0.39336711441030137,-0.8670657419807225,0.83657123721203464,0.70371361764608986,-0.73946178577846655,1.0572489440461605,-0.66144540550406217,1.1146872503815957,-1.240789339186094,0.9345374578741118,-0.68442850919588893,-1.7306554624848101,-0.85269606788080055,-0.10814519938175821,0.72511323262091842,-1.3419149903140988,-0.013912940236653364,-0.22496984540849183,-0.31675592367753891,2.8310262149719394,2.5932505642997148,-4.5147188867926937,6.9269092395654148
-0.98481315212687903,0.030224362066887903,1.9600379448433483,0.031639937660372215,-0.29361379501689144,-0.49152828261419274,0.13434886906326643,0.64301415988939692,1.5775440080991194,1.7233090733234782,-0.1572531687033569,-0.11075711310179766,-0.27590847974752775,-0.15326197729730773,-0.16551122471011115,-0.72677180671270647,0.61694651303887593,0.83387227720739865,-2.1991150857260093,-1.1237401566173644,-1.619936026531704,-1.5722639919442754,3.827089571887377,-1.4429848258221523
-0.17297294852916731,-0.35491432182034266,0.012523719142394932,-0.30037741148969899,-0.53992613290797431,1.3640331877236316,0.13656782863079758,-3.34292395031233,0.0065633835546029867,-0.72205173864536976,0.11055541399065828,0.32799641060476348,0.8916290736505772,0.31521498756333655,-0.59832808798718684,-0.76248076846566559,-0.28899496009636744,-0.2902453840523459,0.34753247024651135,-0.7516796212424155,2.0393248841355787,0.18271964882182451,3.8012454247387852,-0.90771973905532111
0.66507648664288621,-0.48114190243361044,-0.30028349615619437,-0.60622787083066543,0.20143267059612271,-0.71040618775640696,0.20999406802918941,0.52373011558576466,0.70055564962128647,-0.35667921730430324,0.0043742765702979112,-0.99781266314995221,0.63255910195400478,-0.44169681400116445,0.10846137245207126,-2.0765770288627694,-0.074011830514492713,-0.033568154689201303,-0.43216290470296093,-0.84838877028036763,-0.31085289362810176,1.606118757679627,0.65822892837097691,2.614013042207326
-0.91051626364439286,1.1455181569069841,-0.50997078827110864,-0.15306393513908062,0.45833386013285676,2.1813553187652133,-0.39359376208718722,0.0074537155248647121,0.74653508202273622,-0.59312880393364664,-1.1755478322119863,0.20936208589603031,0.13357934227908244,-0.045237125842242445,0.12143583910647235,-2.7077142715558598,0.0048218433375075169,-1.1905555446417331,0.5880339960374279,-0.086411416387294174,1.9054877635905918,-2.4498898995542655,1.4779291079380417,-1.7694438498839151
1.5176131566858366,0.77939327989365625,0.31270614587824191,-0.2175449555413205,0.36012361382100944,0.14891339379197965,0.92821037461664235,0.20828876842625405,0.38339826089746259,0.51017297503191217,-0.70996071550544493,-0.51392653851136438,1.257341157631986,0.27135328660924724,-0.47639603633416178,-0.73488098539530422,0.12331975990391737,0.28852447327633135,-0.021749111959781634,1.5106392275945713,-1.3185329890916413,4.2520967138195234,0.57634969394494706,4.0211459042925251
-0.67785570822288888,-0.38304409698382447,-0.011819836362416569,-1.0694161124713613,-0.50095608422317595,-0.8013332473705248,-1.0665711893606113,0.82262420271764836,0.88690128280885749,-0.1001139045527234,0.39025325044859938,0.33712148280068982,1.1065615092998087,-2.2530768887387089,0.73882465452476176,-0.51010137166867953,-0.65380210808893113,0.5485562546187206,-0.47870219280250398,0.29744779313020098,2.6425653684316606,-4.0884598941681913,-3.2125357785143054,-2.3423164315802034
0.030401105544172843,-0.58305552605222899,1.6956069016811686,-0.20427530956878975,-0.44203203185097073,-1.3450232151987285,-0.23474811407357493,-0.67994801162736418,0.24230002695933683,-1.2148237459231848,-0.84227668334744865,0.33801766959224272,-1.1172351626127479,-0.43120357547527893,1.1297226154855804,0.85460827601800793,0.75660950807788663,0.00070695173407670767,0.29592291495120676,0.92216981911390816,0.22832685394718577,-0.58270379591210175,-2.7258943907139184,-2.9580221863489582
-0.70397798170666714,0.60289773108771227,-1.8454418694299719,-0.44997314413184974,1.3109579769366009,-1.4796388492007915,0.014384813569086996,0.70326833243156106,-0.52957618536858542,1.3076963021790291,-1.0615553297234779,0.72603557283411835,0.56851982560005287,1.2485393754278344,-1.5631468764939187,-0.21501716222016293,-1.139995274359703,1.1025257541536191,0.10253931675899819,-0.95659202962013268,-2.5494207720482107,-2.6506283490467024,-1.3517690667585271,1.8939667261997788
0.12864317470944187,-0.47713379303455583,1.7442714765265221,-0.13626418503495225,-1.5321383601797904,1.0367406497049136,-0.73612473144056068,-0.53117175656682103,1.2051706294095443,-0.13102077785933866,1.0518191525178882,-2.2006295113114707,0.28912019128604338,-1.8773343411299865,0.51863714169638764,-1.2605663058023349,0.76558171340511316,-1.6733575056528114,-0.69664363987210409,-0.55778459411555137,-1.5212483294377885,0.40167848049017096,1.0339599418054588,-3.0509139213716083
2.4651772069870681,-0.8269137284048208,-0.44532680485576687,-0.068275385051480286,-0.16941281063995306,1.4166167076584582,0.69743044727119108,0.29923780187306026,0.036888584492471052,-2.2023873656534816,-0.83740806910688448,0.58720558227200759,-0.051964710016383447,0.20993244446121001,-0.84662057987897243,1.3725375263682629,-0.26575643783463115,1.1267974232376483,-0.027397257621171654,1.6247768797435742,-0.19528632028173515,3.9958352417126788,-0.49771215375975686,5.8696071613093217
-0.63702816986246125,-0.77445929155418936,0.33128341154177793,1.0277490519708992,-1.1384901317975886,0.48805561855936075,0.47667932564523408,-1.1442318177053241,2.3603463917242045,0.66863121442547879,1.387321833586221,0.36202221254705902,0.25506284271367113,-0.53865294993339663,0.31610470534398305,-0.25498811514432579,0.89572796009347599,0.78177420935868924,-1.5953051951277817,-0.48091945075599352,0.4376243230798208,-3.4357786475089309,4.4094313105387206,-1.5016142718045375
0.85254367741687342,0.70382976608117886,0.9635766980168774,-0.85198291877483778,1.6343630507684443,0.27988301135624727,-0.96939027984197246,-0.34039786021070634,0.35310381522396911,-0.89768878398925911,2.5919306738405483,-1.3089347227043953,0.032880524587671961,-1.7683939676270815,1.1721568994630198,0.82637541980712981,0.66998947120318642,-0.92574733352070815,0.76695304933571817,0.6186528734269795,9.2967224408764579,1.5965924796253879,-2.9352090152572465,-4.303759092052176
-1.1045616815883594,-0.29861929352263017,-0.74938421974733482,-0.96015644528299826,-0.59527250903112117,0.73796173162911449,0.1288188254450939,0.89963143750646934,-0.12666587457708289,-1.3952085308624966,0.92122601210392996,0.098383078738252208,0.039212510731116451,-0.95922108047743926,0.23992896907040939,-0.65321466587346133,0.86500905827612518,-1.0553808354728993,0.62161043782403702,0.073362324774004201,2.9078285401046546,-3.2254680414159984,-0.39480345825908958,-2.4145800741905532
1.3682948520631137,-0.5242521992647684,-1.6540647048502504,0.7590380370160571,3.0894306751325908,-1.1414726900734031,0.83741807067103857,-1.0454139641277012,1.0054348747572543,0.79218012564154083,1.0644799836736398,-0.71043396940378578,2.1117342958558014,0.12639175610627196,0.07892115930669362,-1.0292269887035419,-0.34104701849411784,-0.43264187148308708,-0.9045673760027374,0.44672484505649013,2.834421825691507,3.3481326581412572,-0.12209276533470259,5.3584124327915594
-0.18408156269804168,-0.12960415309643417,0.79773296426850682,-0.22584461359479446,-1.2210188414142538,-0.49283352109728557,-0.85108619887062797,1.4065359398873352,-0.40896230939039707,0.60640739534148003,0.99640773324123788,1.2606528171650584,-0.32909922558428134,-0.49107310649567931,0.93992083335130761,-0.22495535590508262,1.0627167830143969,-0.16179549605267135,0.34541996988924256,0.33621856585284227,-1.1983580820051869,-0.46682681587279629,1.9955857533114154,-5.1367744572444991
-1.010442104930773,1.5016874419811923,0.40936755412807524,0.9020562303975902,0.88494775658341118,0.53268230786743342,-0.25602168761965044,1.1462617786532208,-0.75065504790075055,0.18150009331655106,1.6639437462619193,0.8302863919753618,-1.834027584830431,0.22601968156866312,0.47381451712438283,0.046861039985716023,-0.8776499604665966,0.59143170179792859,1.2721218340134046,-1.6961023516743563,6.9929627131353378,-5.0105211983240858,-3.3566206349745102,-3.3076503119346987
0.47929926832097419,-0.0034511508186836426,-0.88647338282643162,-0.69549750271978572,-1.3614008823533388,0.13999833279192439,0.47928974061582585,1.3897333762568131,-0.13821153515251297,0.57663569804122017,-1.1147418168661796,-0.90216970241514916,-0.49280381872475149,0.22295615031359503,0.73672686116434483,0.63312470680059241,-1.5305042579787185,-0.95056813909758164,-1.8893614611504137,-0.14756550161862,-5.0818361630623663,0.71482086997140426,-2.3993896683365694,3.9486769895825562
1.4974153017116469,2.1655924352186942,1.8794906371640345,1.2822458781900119,-2.1474390170751532,-0.18273647130458623,1.076686096915813,-1.8066710581249348,1.3751840149860848,-0.43185597306322537,-0.36047668310817055,-1.7469338967097574,1.0904721088429314,1.1091942646472086,0.7138128199890964,-0.36532493160504748,-1.3412672156430181,0.3469471128559527,-2.0850668530173322,0.289515176642621,-2.6507492655170761,4.9353214554131215,-4.7587491509713233,7.2586810699422202
-0.72331161052142923,-1.7465742256804861,0.82205260589316309,0.36874587771577838,0.21733162803213085,-1.4936089711783775,0.80483826256249591,0.2248227843699524,-0.15269504161102565,-0.065662204140676944,0.17290067933546668,0.14519276764044797,2.4158560466178391,-1.1076540710602558,0.033733432962387892,-0.16545419989505061,0.66412356813871753,0.26538873805140395,-0.32242000557678246,-1.9625067892506711,0.13003260226527996,-0.90348268957896039,3.391299844040931,1.183802926042639
-1.7521609582151108,-0.36341302979211071,0.75849838852935059,2.8478025941243081,1.7594348593977702,-0.28792652839825927,-0.037397183963277229,0.83652323056848332,-0.46565005838072937,0.49929724680432902,-0.53784505622612366,0.21859843110366436,1.1679858110015222,-0.45493367010206531,-0.32132660451902001,1.2740142626326307,1.3295014182471043,1.2427693151715691,1.136241489743264,1.3440539380896874,-1.3408375597494566,-10.203578585619027,1.4521438519327803,-2.549293325429244
0.36536514566916439,0.65910379557208576,1.8965544408752097,-0.89464035137828191,1.5603439633583636,0.088401935477393931,0.81664579765949297,0.019296551016311565,0.81871192422588956,-1.6536868833304961,0.38492162635562815,-1.2841665199298551,-0.46891781980691732,-2.1651789740744167,-0.2155977540243407,0.37681710015483527,-1.3004337619466695,0.34209452964803122,2.6562913467072824,-1.59350845941495,4.5125715533967243,-1.2105945704603116,-5.5041618328385571,6.1044619611860211
0.50959128833927203,0.52987778638131366,2.3687896161953765,-1.8625355407693609,-0.13794893428690344,-1.1982756832305532,-1.5985659047522021,-1.7009766781957392,0.19891768520131967,0.29902343275823923,-0.39657973827419296,-0.099644920309924556,-1.0455272538730549,0.8133043052325708,-0.80413191617404234,0.1556769490261482,-1.0275354263428345,-0.079565080597155141,0.13238974741607804,1.6953236543975505,-0.95961670377949304,2.5148709123445485,-3.0070584484703828,-3.6317686478733311
1.0768427612665696,0.67923685489679742,-0.11611084955970111,0.32928884531646108,0.31438322516769002,-0.7439502831458269,0.72274136193145866,0.071770338884668383,-0.013821414028160096,1.1473414727239306,-1.1006353151597488,-1.138377573681544,0.025668034592737435,-0.88974002488673443,-0.38985637020703623,-1.2067003518308257,-1.3367466723370611,-0.54000547174488545,0.21992076760815593,-0.45227956911731554,-4.4993514435403998,2.9190195345078984,-0.96300308895124975,6.8430773272257515
-0.61817603931251053,-0.50163292388983871,1.5663353303559919,0.22911652773001542,1.5759929304480982,-0.49037626728305167,0.42372084983509584,0.21903971951337814,1.3700077919833598,-0.25138642965034558,1.1203488094643037,1.7301090707389559,-0.05086301041661892,-0.15951807716867836,0.7895540992168647,-1.1391086680278157,0.24037435501366713,-0.79075500857200898,0.7189647990170458,0.057329171801334178,6.3626170237862238,-2.2224433551601082,-1.2497155096978816,1.3894133946266836
0.8431536204241673,-1.6950947149009343,-0.39289596100854818,1.8176401066014114,-0.626023518669098,0.60448483598051317,-0.75692110909385513,-0.089367499234914619,0.22915979183625779,-0.33956567016832262,-1.230315494620456,0.44533763882996535,-0.39768394006462932,-0.89904136098069676,-1.6633461476147318,-1.1163154958527535,-1.2742210052282001,-0.69408682760709606,0.25629586916435648,-2.11643180659153,-3.0604753488161753,1.2442552496103318,1.2883465161567591,3.694203244753405
-0.24681148846291454,0.32408435263478164,0.9556063364112567,0.60863407145943726,0.61365994068886498,-0.55077412962595484,0.47922750597485037,-1.3542633127970125,2.4193423705830077,-0.32954087707070456,0.011058005111793969,-0.64114010242082542,-0.69391166943182003,-0.20018316955167681,0.12033315212614916,-1.5206718496670364,-1.044037433582037,0.85833798115625715,-1.2088341632186386,-0.21374324488904059,1.7873600281105619,-2.5614257006965704,-2.4031600023392388,4.2664836971577067
1.102162161664721,0.30385305705219651,-0.52347445802192205,-0.53613799812354535,-0.17291263233387005,-0.61847518222337261,-1.2095081381861177,0.11987116896438571,1.089786804439534,2.2589470011436763,0.077830966628130827,-0.78172113777459562,-1.0374468126558818,-0.84548790554569075,-0.26193046317057106,1.1495070238204199,1.3919431571195804,0.11762721808757359,1.5444716913540664,-0.34022730507639476,-3.9372936316063796,-0.17492015541929007,5.6193190803704738,-1.2393437312910827
0.50555442347500346,0.059693290208200245,0.77154110834717737,0.72806331828819548,-0.4104612793074997,0.4164300972339563,0.47078001863436403,0.37655747338487922,0.27542838335321868,-1.1748354301326007,0.18366298062171327,-0.71982260630999462,0.21854059724089678,-0.27270463431869413,0.86041331317352687,-0.23689051889206975,-0.61686550287215736,0.5721367907828605,-0.5319708798727687,-1.1604089924216854,1.8017763468864501,1.4115022572716678,-2.5374952460480942,4.9642656403199137
0.68446781341541574,0.39055277883758255,0.96562317158476696,-1.6008523784285691,0.87412214184170745,0.59719504167537174,1.5682111543835464,0.096125762845214235,0.035816802628602172,2.1736464894541743,-0.022434596880970277,0.078751036564787311,-0.024578157723932036,0.19348966962265576,-0.47773066034146977,1.3774626967574497,-2.8502713061193461,-0.75858331876549601,0.63460175168407218,0.33285579159378836,-3.7732933860998346,2.8132682434047065,-0.69613847844575183,7.7695718174681563
1.0398588170254832,-0.023234693840323895,-1.6733875165467544,-0.72342187220274523,1.4955972970886586,0.033422570328012935,-0.420282450357856,1.9127136131807736,-0.11332139979303196,-0.94438609726501876,-1.5860981170827519,0.87748040234323976,-0.68722699703021195,0.49166938557692652,0.03991234069966379,0.27193985324554559,-0.67236155608905401,0.80913282683263987,1.4091771663347408,-0.3130417769622249,-1.1305065876844296,0.39412417591741955,-4.1140480612283037,3.9350324483286268
-0.36576504302065665,1.3185914744878879,-0.5611720131480693,-0.16969422238092044,0.16246765494366749,0.9561416148789742,-2.0077833261757534,-0.82289035305055425,-0.36552794743756073,0.70912552242686244,-2.6125362631325615,-1.8441941265842918,-0.80792383905453391,2.5012853033015072,-0.92032453989313512,-1.5685865311928728,2.7266671269604887,-2.0001683157136156,0.1172949746219574,0.82301824051695971,-6.8129131793279178,1.0501303811821343,4.2656673820207196,-8.6556705228789745
-1.2393698729858105,0.11783229022499389,-0.65050141890861679,-0.039195703136410603,-0.55907101829832162,-0.91729603881204269,1.4737594666402456,0.04394961519721699,1.2082489381764605,0.90550885553213811,-1.2580267678834491,0.32563211355436522,0.28520091226739791,1.0324626315400682,1.3422911816310108,0.73613137893668101,-0.6739178988480824,-1.0530495327490437,1.8186766464869046,2.2289675384274443,-3.9743285366505354,-2.8135625528324004,-1.7022500978483759,3.7537662245977872
-1.6218123389287293,0.30115764371711023,0.85345455365917555,0.67876348751494053,0.74825233064515706,-1.0874770824846443,0.52081728422217655,0.72909053930866119,-0.22509642928365114,-0.90969341212302446,-0.093673272936651578,1.4929039969506657,0.98967236330074326,0.047137532777842862,1.0521148165169887,-0.7964370212369315,0.82691906799588477,-2.0779602053847301,1.1534380393132342,-2.2360988643228246,6.1030385388541752,-2.4879292442968919,-0.79152099871412673,-0.8533988582318015
-0.45537180345537132,1.11534614932705,-0.39336675321906667,0.83965948748971753,0.35844359770033157,-0.057581553683958966,-0.75887484906363034,-0.98400192847161527,-0.35041035095273931,-0.42102291864944696,-1.532416875110495,-0.22555618690171178,-1.5962707604057833,-0.52463100021452125,1.3549601401078684,-0.034152596742137789,-2.4811603821353736,1.5302379811661262,-0.60155617425092078,0.76793117526568078,-1.3537767172446018,-3.1579652901410014,-5.3606187142495827,0.069862353611872652
1.1182434364003793,0.73155252410661997,0.55526011714902457,0.50558797285266477,0.055442098734830157,0.8455890954901385,-0.64005179698682557,1.3723854383303273,0.75271396141289593,0.92238104336246218,1.339936685256365,1.5851740220840231,-0.12150477858517729,-1.3092062932963429,-2.0197494013872048,0.059760079662348614,-0.46415243190334138,-0.43023824644852043,-0.081741852240204901,-1.1567368823700579,2.6847655315709247,2.3270533428628064,-0.1519125233172651,5.7204556538349314
1.9628121510398673,-0.35158749653043631,-1.7487280297159462,-0.83572322950911626,-0.47464348808751344,0.43069517613507002,-2.3280656472911954,0.20039862532898359,-0.27935720980902995,0.85694600291595346,1.167743133669541,-0.96305955839811952,-1.9305094502141773,0.48924214003644595,0.7461682000109644,0.15256181354319079,-2.3163582652591135,-2.5623726283215946,-0.33177934395652137,-0.86592623603632657,-2.5501588974504328,8.4261300049652093,-2.4408713864710805,-2.1290978868989496
-1.6793638440858307,-0.15753971441973441,0.33783155244324542,1.0765329761176168,-1.0011942731842804,-0.23756474224397026,0.693324227435833,-0.9546802688491739,-0.95182651368378057,-1.2787493330663695,-0.62634001833508279,-0.25651866119972683,1.3567537246637811,-0.49117646773512769,-1.0950482812256217,-1.0808435102303249,-0.02686879530205321,-0.31085178149960824,-1.7150488462862139,0.11001653854882176,-0.29626565546514005,-3.3508309662587208,1.3919285147948255,-1.9616377607992495
-0.40215410701476256,-0.13036035663842663,0.16843322882919559,1.4010504011551876,-1.38973335275133,0.026883560638193207,0.52917636232872001,-1.5548840537861872,-1.2038854198343309,0.8546475597550387,0.16079363057807314,0.38347841173837466,2.169403664186103,0.44386415005669133,1.0267965464764446,1.224877916030088,1.193499057819394,1.3649907246486708,-0.88421356419072206,-0.42774013162973634,-3.7998269725847322,-0.951332260810552,3.5734125905895779,-2.6809807451641765
0.34914314131777646,-0.56807876389099765,-1.2493363089710108,0.14458358043153716,-0.15465231456333714,0.87581201581829693,0.19414957793328186,1.5048683711735311,-0.75399716533269179,-1.6600086860405285,1.088934552933986,0.58338656841189751,1.5593766055455549,-0.75178713356408222,-0.062992170340134837,0.74541436647761894,1.3146241478355225,0.24589319762426762,0.38079764113758929,1.38926918206585,3.9640185351350743,-2.0041277658189847,-0.016328344024208241,1.1110500663414959
0.91958510934380877,-0.32303100257867162,0.64750539367731508,0.46413114719807208,3.0540237429028614,1.3929581776379703,-0.27199290593860737,-0.23425989249798118,-1.2860994482011132,1.5182071203116698,0.73838084903513168,0.9678459113213701,-1.2176106238528215,0.7488375613224374,0.048701812813294797,0.53281032687067142,0.73483601885529348,-1.1969556033622877,-0.23607323329570365,-0.049180864202371617,2.3701425277063302,3.3557131730441974,4.8253741616776846,-1.1691687786174474
-1.6663611077191149,-0.35054417857465014,-0.81132301217345781,1.4679831563297199,2.0027170042803051,-1.1628754524453846,-1.342844833392598,1.0575394532710023,1.139631644906443,1.5642035701537471,0.20905452371404251,0.63022287431957524,1.8180741533897433,-0.93604104797943377,-0.34253435871672783,0.99797269602103733,-0.46827253692127691,0.35849709883969955,-2.0734767782011034,0.25578018861650714,1.8061611116863372,-6.5925098251904615,-1.066691282393984,-1.459107498624542
0.6680164886887755,-1.3100769791616524,0.52815036993825548,1.6599227456501948,0.49792083335776899,0.059147427503608761,0.84058110001751352,0.85499037447507231,0.15191633816901215,-0.5345124049422445,0.57869547533036314,-1.6726512060438801,-0.2548012902247187,0.52023576003702321,-1.819495051165176,-0.41270542893989709,-0.050513374248999661,-2.6594972734915001,0.14584454030420493,0.94003805610302482,-0.51520504354248498,2.8375924040893556,1.5078377479398899,7.1488463896353949
1.0692116788865171,1.1128711330018819,1.8174835188293308,0.44995776295378831,-0.32190801984927242,0.72738541657136035,0.91735356333011653,-0.02126495750197498,0.066490762776336587,1.6932198135545691,-0.88431938813495681,-0.98761923760299086,0.017505222875612587,0.69500985552838435,-0.49549799789416038,-1.7214810566286611,1.2535578287208144,0.43107382081506002,0.535723052054072,-2.3052359758703074,-6.0019421151977124,2.0551583733138319,6.3725972423578252,1.4015534400106577
-1.8939820120521353,2.033658750779832,0.49154255307003508,-0.033765110855017329,1.0262661517062273,0.55024926814338271,0.16610318661373022,0.95127657797798071,-0.16496969444790541,-0.0050108175139862423,-0.40401557125248266,-0.24163049889426103,-0.80623263294144798,-1.2076248029236203,-1.8150857369206408,0.22422007218814821,-0.78937444956167735,1.3836078010040227,0.038713217105599065,-0.97716274733245856,4.2574222294416382,-5.296008644610394,-4.4214268436944266,2.3316814431483492
-1.4539453291125843,0.16601647708528391,-1.6662775491133464,1.1730441472782682,-0.91601803530844061,-1.3826329509594153,-0.7265968994528943,-0.53585065286623912,1.134964550241885,0.7188184201862623,1.3172791125238292,0.46274708537234227,-1.2227837249729814,-1.5433567029003887,0.69657792722859913,2.2997912885682004,-0.59924306148862527,-0.046840048339984099,0.65376600946895802,-0.015842467132647923,2.6483854275022689,-5.3675221704466454,-0.72025845713484948,-2.1551792731453783
