V1,V2,V3,V4,V5,V6,V7,V8,V9,V10,V11,V12,V13,V14,V15,V16,V17,V18,V19,V20,y
0,0,0.77000000000000002,0,0,0,0.77000000000000002,0,0,0,0,0,0,0,0.32968300480386836,0,0,0,0,0.77000000000000002,-0.98150862353635004
0,0,0.77000000000000002,0,2.2807776507250543,0,0.77000000000000002,0,0,0,0,-0.89801542746125274,0,0,0,0,0,0,0,0.77000000000000002,1.9893854115599958
0,0,0.77000000000000002,0,0.44767816993032505,0.48820970572971339,0.77000000000000002,0,0,0,0,0,0,0,0,0,0,0,-1.1990807677060447,0.77000000000000002,0.78553379438220738
0,0.86999602888636085,0.77000000000000002,0,0,-0.69152816321400767,0.77000000000000002,0,0,0,0,0.47618608622815023,0,0,0,0,0,0,0,0.77000000000000002,-0.53501593517168033
0,0,0.77000000000000002,0,0,0,0.77000000000000002,0,0,0,0,-0.98975957595774677,-1.4063865810171623,0,0,0,0,0.77013657484005293,0,0.77000000000000002,0.25107653899320032
0,0,0.77000000000000002,0.30741777104374896,-0.61636863063029224,-0.34823011549966054,0.77000000000000002,0,0,0,0,0,0,0,0,0,0,0,0,0.77000000000000002,-0.44822890477040966
0,0,0,0,0,0,0,0,0,-0.55709582162280513,0,0,0.090093446459514157,0,0,0,0.0014205491682931705,0,0,0,-0.081641111032827895
0,0,0,0,0,0.24757661956630714,0,0,0,0,0,0,0,0,0,-0.8622768628128672,0,-0.74941085272391328,0,0,0.33260548667521717
0,0,0,0,0,0,0,0,0,0,-1.1029296313603949,0,0,0,0,0,0,1.1675355613196559,0,0,-0.69463788256014336
0,0,0,0,0,-0.56013197810035842,0,0,0,0,0.34122641338798332,0,0,-0.9114435132909795,0,0,0,0.3815015761072385,-0.46859672355819698,0,-0.39713077049471246
0,0,0,0,0,0,0,-0.16451403205596724,-0.88462875788097062,0,0,0,0,0,0,0,0,0,0,0,0.26459668631662164
0,0,0.91777872441742192,0,0.7276414786186195,0,0,0,0,0,1.1034032363547086,0,0,0,0,-1.6627075624024996,0,0,1.0519888410868583,0,-0.19304746606448195
0,0,0,0,0,0,0,0,0,0,0,0,0,0,0.68715718648661583,0,0,0,0,0,-1.0219515258897749
0,0,0,0,0,0.94342972772816347,0,0,0,0,0,0,0,0,0,0,0,0,0,0,0.80093578833040491
0,0,0,0,0.091743189827402385,0,-0.917466541425902,0,0,0,-0.24261099419334461,0,0,0,0,0,0,0,0,0,0.64040674590667768
0,0,0.77000000000000002,0,0,0,0.77000000000000002,0,0,0,0,0,0,0,0,0,0,0,0,0.77000000000000002,-0.41212055869494724
-0.42002859808927628,0,0,0,0,0.97674467837311629,-0.33969864299709185,0.41880620320201556,0,0,0,-1.459831044987596,0.24520605035854032,0,0,0,0,0,0,0.39315083514067523,0.98027132331591116
-0.78794404858535405,0,0,0,0,0,0,0,0,0,0,0,-0.20067122539402493,0,0.47422651184662068,-0.83097173671201563,0.23211420287903287,0,-0.80551294413254004,0,0.079271837343157958
-0.37957501807252897,0,0,0,0,-0.94184801906217885,0.67669272545817227,-0.13948823520592032,0,0,0,0,0,0,0.38573516979385264,0.52055493482055049,-0.83442354691284681,0,0,0,-1.1458654939458937
-0.5904256986808043,0,-0.2890381001616481,0,0,0,0,0,0,0,0,0,0,0,0,2.0831839803834238,0,0,0,-1.3076536297645505,0.4826650702797648
0,0.76268971231354332,0,-0.32878486412587987,0,0,0,0,0,0,0,1.3362017626022991,0,0,-0.29787212897290299,0,0,0,0,0,1.4621729733189208
0,0,0,0,0,0,0,0,-1.618063988270191,-1.301500521888769,0,0,0,0,0,0,0,0,0,0,1.8923104625330307
0,0,1.4093310899367959,0,0,0,0,0,0,0,0,0,0,0,0,0,0,0,0,0,-0.50056187737568925
0,0,0,0.79765622911917855,0,-0.76186617388995059,0,0,0,0,0,-2.1008816534458057,0,0,0,0,0,0,-0.75928690583916525,0,-0.20150179500812959
0,0,0,-0.00034292012518384303,0,0,0,0,0,0,0,0,0.85191676312833042,0,0,0,0,0,0,0,0.31235219670030079
0,0,0.9906909624684439,0,0,0,0,0,0,0,0,0,0,0,0,1.4832531140045111,0,0,0,0,-0.19246885314661233
0,0,0,0,0,1.1187125248405587,0,0,0,0,0,0,0,-0.11091439618715468,0.15807679855910137,0,-0.030417596700751226,0,0,0.55132490015742319,0.55930642055532631
0,1.586168909087623,0,-1.694021375370139,0,0,0,0,0,0,0,0,0,0,0,0,0,0,0,0,1.2731839595148089
0,0,0,0,0,0,0,0.29037427141798955,0,0,0,0,0,0,0,0,0.051457372911451631,0,-2.2066392949270304,0,3.1050017743707281
0,0,0,0,0,0,0,0,0,-0.20794292885874982,0,-0.37318975443665448,0,0,0,0.066312040057354832,0.19285061284325977,0,0,0,-0.7564277148027192
0,0,0,0,0,0,0,0,-0.99197981596789553,0.273057286946012,0,0,0,0,0,0,0,0,0,0,0.85145881258822453
0,0,0,0,0.14773685343980594,0,0,0,0,0.85807139327930826,0,0,0,0,0,0,0,0,0,0,0.75861435323102044
0,0,0,0,0,0,0,0,0,0,-0.970615311801025,0,2.434575292855091,0,0,0,0,0,0,0,-1.1072901292040989
0,0,0,0,0,0,0,0.28583894890277994,0,-1.1893219424354589,0.87240066550017215,0,0,0,0,0,0,-0.41481022007794977,0,0,-0.25953868910285149
0,0,0,-0.42166794288490056,0,0,0,0,-0.56869724849978986,0,0,0,0,0,0,1.7166367222492078,0,1.9348597562601886,0,-2.2588707402066288,0.3239549352305835
0,0,-0.7339601126552453,0,0,0,0,0,-1.9129382005344606,0,0.23996436798441431,0,0,1.1517016701296225,0,-0.79299098640018773,0,0,0,-1.6705721379721863,0.95763282895294166
0,0.020037917312508383,0,-0.25831203913516565,0.40305537642179168,0,1.1869185624112315,0,-1.9827354956413288,0,-1.5094036904654844,0,0,0,0,0,-0.18421868191923954,0,0,0,0.21481301366852801
0,0,0,0,0,0,0,0,0,0.27317185996403393,0,0,0,0,0,0,0,0,0,0,0.4062755589945784
0,0,0.77000000000000002,0,0,0,0.77000000000000002,0,0,0,0,0,0,0,0,0,0,0,0,0.77000000000000002,-0.53605804234082599
0,0,0,0,0,0,0,0,0,0,0,0,0,-0.26027588995794149,0,0,0,0,1.9404909423871022,0,-1.4180797137685495
0,0,0,0,0,0,0,0,0,0,0,0,0,0,0,0,1.5318803418225722,0,0,-0.3685950171624206,0.5563254746396048
0,0,-1.7901706082149382,0,0,0,0,0,0,0,0,0,-0.96849072896084065,0,0,0,0,0,0,0,-0.91997708856699534
-0.46637323262287655,-0.36297500368191044,0,0,0,0,0,1.1175899929485402,0,1.3338466900143031,0,0,0,0,0,0,0,0,0,0,-0.63916916865413498
0,0,0,0,0,0,0,0,0,0,0,1.7985498154228923,0,0,0,0,0,0,0,0,1.3531454342110909
0,0,0,0,0.85403286954458457,0,0,0,0,0,0,0,0,0,0,-0.20889564017654674,0,0,0,0,0.009240525120070231
0,0,0,-1.7720229912287566,0,0,0,0,0,0,0,0,0,0.93564319681095809,0,0,0,0,0,0,0.73905348813612748
0,0,0,0,0,0,0,0,0,0,1.1877954275998865,1.1478611930311922,0,0,0,0,0,0,0.69896753183443927,0,-0.18862040182832651
0,0,0,-0.60968824418583401,0,0,0,0,0,0,0,0,-0.42885917213255864,0,0,0,0,0,0,0,1.2230684506799954
0,0,0,0,0,-0.0011093532974373727,0,0,0,0,0,0,0,0,-0.29226518217219327,0,0.99578260297994525,0,0,0,0.99376900187269235
0,0,0,0,1.9131761034364949,0,0,0,1.0611657317519916,0,0,0,0,0,0,0,0,0,0,0,0.40945961208387527
0,0,0,0,0.76024898125543516,0,0,0,0,0,0,0,0,0,0,0,0.10787921311339414,0,0,0,1.218491081341281
0,0,0,0.18612157931507975,0,-0.93721744590991252,0,0,0,0,-1.4438296520615297,0,0,0,0,0,0,0,0,0,-0.58785669349709124
0,0,0,0,0,0,-1.5011458221031877,0,0,0,0,0,0,0,0,0,0,0,0,0,-0.069721609966245102
-0.10234647906399608,-0.25331889920369777,0,0,0,0,0,-1.8138496566992066,0,0,0,0,0.24113704016071913,-2.5553897630287663,0,0,0,0,0.51077637988315916,0,0.22963380381290432
0,0,-0.52319770863939308,0,1.5538126367121869,0,0,0,0,0,1.5947085027177199,0,0,0,0,0,0,0,1.0063747762591164,0,-0.33814304143356111
0,-0.7925701369059327,0,0,0,0,0,0,0,0,0,0,0,0,0,0,0,0,0,0,-0.44579733508540265
-0.14946445123651253,0,0.6294910380604567,0,0,0,0,-1.0591109077562961,0,0,0,0,0,0,0,0,0,0.68172234522195996,0,0,-0.19775239357631316
0,-0.71409778076437802,0,0,0,0,2.1346085959425909,0,0,0,0,-1.2012122697649426,0,0,0,0,0,0,0,0.57934161837497233,-1.5104264723179761
1.1739189689441052,0,0,0,0,0,0.91080244527194631,0,-1.2787605707107694,0,0,0,0.31550432259252958,0,0,0,0,0,0,0,0.69152877692328263
0,0,0,0,0,0,0,0,0,0,0,0,0,0.1331203323533745,0,0,0,0,0,0,-0.44532927550083956
0,0,0,0,0,0,0,0,0,0,0,0,0.070692858979289563,-0.14362481687931269,0.11421565353989094,0,0,0,0,0,-0.12874539332444507
0,-0.98950959832562091,0,0,0.11822333759316607,0,0,0,0,0,0,0,0,-1.3981767521865629,0,0,0,0,0,0.58853153779349354,-0.66499507100087629
0,0,0,0,0,0,0.1554775271718683,0.35804469505450853,0,0,1.318598951056954,-1.1838295982577993,0,0,0,0,0,0,0,0,-1.0412124582005116
0,0,0,0,0,0,0,0,0,0,0,0,0,0,0.062672014048247904,0,0,0,0,0,-0.94680209250415071
0,0,0,0,0,0,-0.39533229950722104,0,-2.471808060771354,0,0,0,0,0,0,0,-0.31771874891774493,0.90209926195803036,0.76338040170155108,0,1.2730372888286674
0,0,0,0,-0.15835669643695036,0,0,0,0,0.6171028261093956,0,0,0,-0.56330439416334188,0,0,0,0,0,0,0.29475319587592785
0,0,-0.56119891667772115,0,0,0,0,0,-1.7336798244147718,0,0.78417291413183199,0,0,0,0,0,0,0,0,0,1.4178263379823755
0,0,0.65428069967680891,0,-1.3148101039395188,0,0,0,0,0,0,0,0,1.1046608714903159,0,0.46918449257432948,0,0,0.63405504688807401,0,-1.6650545196479991
0,0,0,0,0,0,0,-0.61278449053875195,0,0,0,1.914737952752732,0,0,0,0,0,1.3374841678986609,0,0,0.98399362855167738
0,0,0,0,0,0,-0.70988372099503272,0,0,0,0,0,0,0,0,0,0,0,0,-1.5223147582007432,-0.76203560393158187
0,0,0,0,0,0,0,0,-0.68102430289017513,0,0,0,0,0.54384295328304577,0,0,0,0,0,0,0.94709844694653078
0,0.16793018878989274,0,0,0,0,0,-1.1284472912345986,0,0,0,0,0,0,0,0,0,0,0,0,0.88304169889163875
0,0,0,0,0,0,0,0,0,0,0,0,0,0,0,0,0,2.3111093705244645,0,0,-0.39787416380956536
0.51634269118310538,0,0,-0.15431938768084555,0,0,0,0,0,0,0,0.34281782248044607,-0.8977952919950738,0,0.25104721362386712,0.2479607272247811,0,0,0,0,0.61927214394460606
0,0.48883377061839162,0,0,0,0,0,0,0.30533916413345047,0,0,0,1.1782105805560363,0,0,0,1.3597706129661487,0,0,0,-0.47412644239645085
0,0,0,0,0,0,0,0,0,0.018233283935163883,0,0,0,0,0,0,0,0,0,0,0.43026461183449505
0,0,0,0,0,0,0,0,0,-0.29201714095004355,0,0,0,-1.0284542098754175,0.49597512768470592,0,0,0,1.0691480844746912,0.46679503033789954,-2.5116030430355272
0,0,0,0,0,-1.52252812085593,0,0,0,0,0,0,0,0,0.67945431205474305,0,0,0.92418229868410573,0,0.60494038659668148,-2.771109299151576
1.1269704531722808,0.056116365485989979,0,0,0,0,0,0,0,0,0,0,0,0,0,0,0,0,0,0,-0.40070969688812991
0,0.62270624047145451,-2.3866177365601549,0,0,0,0,0,0,0,0,0,0,-0.47876696602228369,0,0,0,0.065395682654068948,0,0,-0.17281169684934128
0,0,0,0,0,0,0,0,0,0,0,0,0,0,0,0,0,-0.94828871672134252,0,0,-0.42834268688497185
-0.56304783511065648,0,0,0,0,0,0,0.29547473186301731,0,0,0,0,0,0,0,0,0,0,0,0,-0.21477597255511052
0,0,0,0,0.69382585728549606,0,0,0,-0.55591457264839217,-0.42254834353040122,0,0,0,0,0,0,0,-0.093223833041771703,0,0,0.18989397723152324
0,0,0,0,0,0,0,1.8254675146940409,0,0,0,0,0.60367443790694231,0,-2.0113081854812798,0,0,0,0,0,2.888275520976896
0,-0.93592119224204584,0,0,0,0,0,0,0,0,0,0,-0.14592222882065922,0,0,0,0,0,0,-0.13374808411008704,-0.44529169728885032
0,0,0,0,0,-0.86346127986533394,0,0,0,0,0,0,0,0,0,0,1.0613934463127592,0,0.091001323359990546,0,-1.6799045735490266
-0.072709958611646128,0,0,0,0,0.023612055955037695,0,0,-0.57195873145051779,0,0,0,0,0,0,0,0,0,0,0,-0.11990939964777581
0,0,0,0,0,0,1.1019473420456278,0.56105745990824363,0,0,0,0,0,0.10878061837572377,0,0,0,0,0,0.68264857117539435,-0.41295883989643345
0,0,-0.32077130342306209,0,0,0,0,0,0,0,0,0.41836675459124256,0,0,0,0,0,2.8374660233693931,0,-0.38840041886782695,-1.0588392473073276
0,0,0,0,0,0,0.17497326240983641,0,0,-0.071624638472493313,0,0,0,0,0,0,0,0,0,0,-0.56766676343568068
0,0,0,0,0,0,0,0,0,0,0.61316386778465304,0,0,0,0,-1.4298051974381474,0,0,0,0,0.41006131467450019
-0.32631237504595834,0,0,-0.80254951584608947,0,0,-1.0655288955600837,0,0,0,0.4672506156045077,0,0,0,0,0,0,0,0,0,0.084151249227762182
0,0.80290965337308318,1.0913215436901895,0,0,0,0,1.5981685620513173,0.59967073240591928,0,0,0,0,0,0,0,0,0,0,0,0.36661334807195839
0.57548489068657338,0,0,1.062512901932783,0,0,0,0,0,0,0,0,0,0,0,0,0,0,0,0,-0.18372509878348736
0,0,0,0,0,0,0.34488764311198161,0,0,0,0,0.83101543815158474,0,0,0,0,0,0,0,0,-0.99418243648428328
-1.6393935770315986,0,0,-0.75248424580387174,0,0,1.1669017813989191,0,0,0,0,0,0,0,0,0,-1.7545002677401851,0,0,0,-0.19104228161075587
0,0,0,0,0,0,0,0,0,0,0,0,0,0,-0.78600201224957567,0,-0.68406837032455492,0,0,0,1.4085515641249708
0,0,-0.81883061536130697,0,0,0,0,0,0,-0.50391640847200025,0,0,0,0,0,0.82440596639462238,0,0,0,0,-0.11802989224702634
0,0,0,0,0,0,0,0,0,0.38464336901722268,0,0,0,0,0,0.2799172021941338,0,0,-1.1310612453537048,0,0.70031456425011229
0,0,0,0.24125691614218367,0,0,0,0,0,0,0,0,0,0,1.0762400630190152,0,0,0,0,0,-1.9611014142750931
